--
-- PostgreSQL database dump
--

-- Dumped from database version 15.4
-- Dumped by pg_dump version 15.4

SET statement_timeout = 0;
SET lock_timeout = 0;
SET idle_in_transaction_session_timeout = 0;
SET client_encoding = 'UTF8';
SET standard_conforming_strings = on;
SELECT pg_catalog.set_config('search_path', '', false);
SET check_function_bodies = false;
SET xmloption = content;
SET client_min_messages = warning;
SET row_security = off;

--
-- Data for Name: hdb_action_log; Type: TABLE DATA; Schema: hdb_catalog; Owner: cristian
--

COPY hdb_catalog.hdb_action_log (id, action_name, input_payload, request_headers, session_variables, response_payload, errors, created_at, response_received_at, status) FROM stdin;
\.


--
-- Data for Name: hdb_cron_events; Type: TABLE DATA; Schema: hdb_catalog; Owner: cristian
--

COPY hdb_catalog.hdb_cron_events (id, trigger_name, scheduled_time, status, tries, created_at, next_retry_at) FROM stdin;
\.


--
-- Data for Name: hdb_cron_event_invocation_logs; Type: TABLE DATA; Schema: hdb_catalog; Owner: cristian
--

COPY hdb_catalog.hdb_cron_event_invocation_logs (id, event_id, status, request, response, created_at) FROM stdin;
\.


--
-- Data for Name: hdb_metadata; Type: TABLE DATA; Schema: hdb_catalog; Owner: cristian
--

COPY hdb_catalog.hdb_metadata (id, metadata, resource_version) FROM stdin;
1	{"sources":[{"configuration":{"connection_info":{"database_url":{"from_env":"HASURA_GRAPHQL_DATABASE_URL"},"isolation_level":"read-committed","pool_settings":{"connection_lifetime":600,"idle_timeout":180,"max_connections":50,"retries":1},"use_prepared_statements":true}},"kind":"postgres","name":"default","tables":[{"object_relationships":[{"name":"event","using":{"foreign_key_constraint_on":"event_id"}},{"name":"song","using":{"foreign_key_constraint_on":"song_id"}}],"table":{"name":"event_songs","schema":"public"}},{"table":{"name":"events","schema":"public"}},{"table":{"name":"songs","schema":"public"}}]}],"version":3}	20
\.


--
-- Data for Name: hdb_scheduled_events; Type: TABLE DATA; Schema: hdb_catalog; Owner: cristian
--

COPY hdb_catalog.hdb_scheduled_events (id, webhook_conf, scheduled_time, retry_conf, payload, header_conf, status, tries, created_at, next_retry_at, comment) FROM stdin;
\.


--
-- Data for Name: hdb_scheduled_event_invocation_logs; Type: TABLE DATA; Schema: hdb_catalog; Owner: cristian
--

COPY hdb_catalog.hdb_scheduled_event_invocation_logs (id, event_id, status, request, response, created_at) FROM stdin;
\.


--
-- Data for Name: hdb_schema_notifications; Type: TABLE DATA; Schema: hdb_catalog; Owner: cristian
--

COPY hdb_catalog.hdb_schema_notifications (id, notification, resource_version, instance_id, updated_at) FROM stdin;
1	{"metadata":false,"remote_schemas":[],"sources":["default"],"data_connectors":[]}	20	ddc6046b-1276-40a4-bb99-557507ea99bb	2024-05-29 01:05:58.343812+00
\.


--
-- Data for Name: hdb_version; Type: TABLE DATA; Schema: hdb_catalog; Owner: cristian
--

COPY hdb_catalog.hdb_version (hasura_uuid, version, upgraded_on, cli_state, console_state, ee_client_id, ee_client_secret) FROM stdin;
a601efab-0ad9-40ab-8ca2-032569bbc2a6	48	2024-05-29 00:41:48.334135+00	{}	{"console_notifications": {"admin": {"date": "2024-05-29T01:37:21.079Z", "read": "all", "showBadge": false}}}	\N	\N
\.


--
-- Data for Name: events; Type: TABLE DATA; Schema: public; Owner: cristian
--

COPY public.events (id, name, date, hour, "desc", active) FROM stdin;
127	MIÉRCOLES	2024-07-25 00:30:00+00	18:30:00+00		f
2	DOMINGO	2023-04-09 00:00:00+00	10:00:00+00	\N	f
3	DOMINGO	2023-04-16 00:00:00+00	10:00:00+00	\N	f
4	DOMINGO	2023-04-23 00:00:00+00	10:00:00+00	\N	f
5	DOMINGO	2023-05-07 00:00:00+00	10:00:00+00	\N	f
6	DOMINGO	2023-05-14 00:00:00+00	10:00:00+00	\N	f
7	DOMINGO	2023-05-21 00:00:00+00	10:00:00+00	\N	f
8	DOMINGO	2023-05-28 00:00:00+00	10:00:00+00	\N	f
9	MIÉRCOLES	2023-05-31 00:00:00+00	18:30:00+00	\N	f
10	MIÉRCOLES	2023-06-07 00:00:00+00	18:30:00+00	\N	f
11	DOMINGO	2023-06-11 00:00:00+00	10:00:00+00	\N	f
12	MIÉRCOLES	2023-06-14 00:00:00+00	18:30:00+00	\N	f
13	DOMINGO	2023-06-18 00:00:00+00	10:00:00+00	\N	f
14	MIÉRCOLES	2023-06-21 00:00:00+00	18:30:00+00	\N	f
15	DOMINGO	2023-06-25 00:00:00+00	10:00:00+00	\N	f
16	MIÉRCOLES	2023-06-28 00:00:00+00	18:30:00+00	\N	f
17	DOMINGO	2023-07-02 00:00:00+00	10:00:00+00	\N	f
18	MIÉRCOLES	2023-07-05 00:00:00+00	18:30:00+00	\N	f
128	DOMINGO	2024-07-28 16:30:00+00	10:30:00+00		t
19	DOMINGO	2023-07-09 00:00:00+00	10:00:00+00	\N	f
20	MIÉRCOLES	2023-07-12 00:00:00+00	18:30:00+00	\N	f
21	DOMINGO	2023-07-16 00:00:00+00	10:00:00+00	\N	f
22	MIÉRCOLES	2023-07-19 00:00:00+00	18:30:00+00	\N	f
23	DOMINGO	2023-07-23 00:00:00+00	10:00:00+00	\N	f
24	MIÉRCOLES	2023-07-26 00:00:00+00	18:30:00+00	\N	f
25	DOMINGO	2023-07-30 00:00:00+00	10:00:00+00	\N	f
26	MIÉRCOLES	2023-08-02 00:00:00+00	18:30:00+00	\N	f
27	DOMINGO	2023-08-06 00:00:00+00	10:00:00+00	\N	f
28	MIÉRCOLES	2023-08-09 00:00:00+00	18:30:00+00	\N	f
29	DOMINGO	2023-08-13 00:00:00+00	10:00:00+00	\N	f
30	MIÉRCOLES	2023-08-16 00:00:00+00	18:30:00+00	\N	f
31	DOMINGO	2023-08-20 00:00:00+00	10:00:00+00	\N	f
32	MIÉRCOLES	2023-08-23 00:00:00+00	18:30:00+00	\N	f
33	DOMINGO	2023-08-27 00:00:00+00	10:00:00+00	\N	f
34	MIÉRCOLES	2023-08-30 00:00:00+00	18:30:00+00	\N	f
35	DOMINGO	2023-09-03 00:00:00+00	10:00:00+00	\N	f
36	DOMINGO	2023-09-10 00:00:00+00	10:00:00+00	\N	f
37	MIÉRCOLES	2023-09-06 00:00:00+00	18:30:00+00	\N	f
38	VIERNES	2023-09-08 00:00:00+00	19:00:00+00	\N	f
39	MIÉRCOLES	2023-09-13 00:00:00+00	18:30:00+00	\N	f
40	DOMINGO	2023-09-17 00:00:00+00	10:00:00+00	\N	f
41	MIÉRCOLES	2023-09-20 00:00:00+00	18:30:00+00	\N	f
42	DOMINGO	2023-09-24 00:00:00+00	10:00:00+00	\N	f
43	DOMINGO	2023-09-27 00:00:00+00	10:00:00+00	\N	f
44	DOMINGO	2023-10-01 00:00:00+00	10:00:00+00	\N	f
45	MIÉRCOLES	2023-10-04 00:00:00+00	18:30:00+00	\N	f
46	DOMINGO	2023-10-08 00:00:00+00	10:00:00+00	\N	f
47	MIÉRCOLES	2023-10-11 00:00:00+00	18:30:00+00	\N	f
48	DOMINGO	2023-10-15 00:00:00+00	10:00:00+00	\N	f
49	MIÉRCOLES	2023-10-18 00:00:00+00	18:30:00+00	\N	f
50	DOMINGO	2023-10-22 00:00:00+00	10:00:00+00	\N	f
51	MIÉRCOLES	2023-10-25 00:00:00+00	18:30:00+00	\N	f
52	DOMINGO	2023-10-29 00:00:00+00	10:00:00+00	\N	f
53	MIÉRCOLES	2023-11-01 00:00:00+00	18:30:00+00	\N	f
54	DOMINGO	2023-11-05 00:00:00+00	10:00:00+00	\N	f
55	MIÉRCOLES	2023-11-08 00:00:00+00	18:30:00+00	\N	f
56	DOMINGO	2023-11-12 00:00:00+00	10:00:00+00	\N	f
57	MIÉRCOLES	2023-11-15 00:00:00+00	18:30:00+00	\N	f
58	VIERNES	2023-11-17 00:00:00+00	19:00:00+00	\N	f
59	DOMINGO	2023-11-19 00:00:00+00	10:00:00+00	\N	f
60	MIÉRCOLES	2023-11-22 00:00:00+00	18:30:00+00	\N	f
61	DOMINGO	2023-11-26 00:00:00+00	10:00:00+00	\N	f
62	MIÉRCOLES	2023-11-29 00:00:00+00	18:30:00+00	\N	f
63	DOMINGO	2023-12-03 00:00:00+00	10:00:00+00	\N	f
64	MIÉRCOLES	2023-12-06 00:00:00+00	18:30:00+00	\N	f
65	DOMINGO	2023-12-10 00:00:00+00	10:00:00+00	\N	f
66	MIÉRCOLES	2023-12-13 00:00:00+00	18:30:00+00	\N	f
67	DOMINGO	2023-12-17 00:00:00+00	10:00:00+00	\N	f
68	MIÉRCOLES	2023-12-20 00:00:00+00	18:30:00+00	\N	f
69	DOMINGO	2023-12-24 00:00:00+00	10:00:00+00	\N	f
70	DOMINGO	2023-12-31 00:00:00+00	10:00:00+00	\N	f
71	DOMINGO	2023-06-04 00:00:00+00	10:00:00+00	\N	f
72	MIÉRCOLES	2024-01-03 00:00:00+00	18:30:00+00	\N	f
73	DOMINGO	2024-01-07 00:00:00+00	10:00:00+00	\N	f
74	MIÉRCOLES	2024-01-10 00:00:00+00	18:30:00+00	\N	f
75	DOMINGO	2024-01-14 00:00:00+00	10:00:00+00	\N	f
76	MIÉRCOLES	2024-01-17 00:00:00+00	18:30:00+00	\N	f
77	DOMINGO	2024-01-21 00:00:00+00	10:00:00+00	\N	f
78	MIÉRCOLES	2024-01-24 00:00:00+00	18:30:00+00	\N	f
79	DOMINGO	2024-01-28 00:00:00+00	10:00:00+00	\N	f
80	MIÉRCOLES	2024-01-31 00:00:00+00	18:30:00+00	\N	f
81	DOMINGO	2024-02-04 00:00:00+00	10:00:00+00	\N	f
82	MIÉRCOLES	2024-02-07 00:00:00+00	18:30:00+00	\N	f
83	DOMINGO	2024-02-11 00:00:00+00	10:00:00+00	\N	f
84	MIÉRCOLES	2024-02-14 00:00:00+00	18:30:00+00	\N	f
85	DOMINGO	2024-02-18 00:00:00+00	10:00:00+00	\N	f
86	MIÉRCOLES	2024-02-21 00:00:00+00	18:30:00+00	\N	f
87	DOMINGO	2024-02-25 00:00:00+00	10:00:00+00	\N	f
88	MIÉRCOLES	2024-02-28 00:00:00+00	18:30:00+00	\N	f
89	DOMINGO	2024-03-03 00:00:00+00	10:00:00+00	\N	f
90	MIÉRCOLES	2024-03-06 00:00:00+00	18:30:00+00	\N	f
91	DOMINGO	2024-03-10 00:00:00+00	10:00:00+00	\N	f
92	MIÉRCOLES	2024-03-13 00:00:00+00	18:30:00+00	\N	f
93	DOMINGO	2024-03-17 00:00:00+00	10:00:00+00	\N	f
94	MIÉRCOLES	2024-03-20 00:00:00+00	18:30:00+00	\N	f
95	DOMINGO	2024-03-24 00:00:00+00	10:00:00+00	\N	f
96	MIÉRCOLES	2024-03-27 00:00:00+00	18:30:00+00	\N	f
97	DOMINGO	2024-03-31 00:00:00+00	10:00:00+00	\N	f
98	MIÉRCOLES	2024-04-03 00:00:00+00	18:30:00+00	\N	f
99	DOMINGO	2024-04-07 00:00:00+00	10:00:00+00	\N	f
100	MIÉRCOLES	2024-04-10 00:00:00+00	18:30:00+00	\N	f
101	VIERNES	2024-04-12 00:00:00+00	19:00:00+00	\N	f
102	DOMINGO	2024-04-14 00:00:00+00	10:00:00+00	\N	f
103	MIÉRCOLES	2024-04-17 00:00:00+00	18:30:00+00	\N	f
104	MIÉRCOLES	2024-04-24 00:00:00+00	18:30:00+00	\N	f
105	MIÉRCOLES	2024-05-01 00:00:00+00	18:30:00+00	\N	f
106	DOMINGO	2024-05-05 00:00:00+00	10:00:00+00	\N	f
107	DOMINGO	2024-05-12 00:00:00+00	10:00:00+00	\N	f
108	MIÉRCOLES	2024-05-15 00:00:00+00	18:30:00+00	\N	f
109	DOMINGO	2024-05-19 00:00:00+00	10:00:00+00	\N	f
110	MIÉRCOLES	2024-05-22 00:00:00+00	18:30:00+00	\N	f
111	DOMINGO	2024-05-26 00:00:00+00	10:00:00+00	\N	f
112	MIÉRCOLES	2024-05-29 00:00:00+00	18:30:00+00	\N	f
113	DOMINGO	2024-06-02 00:00:00+00	10:00:00+00	\N	f
114	DOMINGO	2024-06-09 00:00:00+00	10:00:00+00	\N	f
115	MIÉRCOLES	2024-06-05 00:00:00+00	18:30:00+00	\N	f
116	MIÉRCOLES	2024-06-12 00:00:00+00	18:30:00+00	\N	f
117	DOMINGO	2024-06-16 00:00:00+00	10:00:00+00	\N	f
118	DOMINGO	2024-06-23 00:00:00+00	10:00:00+00	\N	f
119	MIÉRCOLES	2024-06-26 00:00:00+00	18:30:00+00	\N	f
120	DOMINGO	2024-07-02 00:00:00+00	10:00:00+00	\N	f
121	DOMINGO	2024-07-07 00:00:00+00	10:00:00+00	\N	f
122	MIÉRCOLES	2024-07-10 00:00:00+00	18:30:00+00	\N	f
123	DOMINGO	2024-07-14 00:00:00+00	10:00:00+00	\N	f
124	MIÉRCOLES	2024-07-17 00:00:00+00	18:30:00+00	\N	f
126	VIERNES	2024-07-05 00:00:00+00	20:30:00+00	\N	f
125	DOMINGO	2024-07-21 00:00:00+00	10:00:00+00	\N	f
\.


--
-- Data for Name: songs; Type: TABLE DATA; Schema: public; Owner: cristian
--

COPY public.songs (id, title, artist, album, release_date, genre, duration, "desc", play_count, visible, created_at, updated_at, last_time_played) FROM stdin;
46	EL CIELO GOBIERNA	DAVID SCARPETA	\N	\N	0	\N	\N	0	t	2024-07-19 22:26:06.040911+00	2024-07-19 22:26:06.040911+00	\N
1	AL MUNDO PAZ, SE OYE UN SON Y GLORIA.	\N	\N	\N	0	\N	\N	1	t	2023-12-24 06:00:00+00	2024-07-21 03:15:00.005988+00	2023-12-24 06:00:00+00
11	AMIGO DE DIOS	COALO ZAMORANO	\N	\N	0	\N	\N	11	t	2023-05-28 06:00:00+00	2024-07-27 14:02:08.204238+00	2024-07-21 06:00:00+00
12	AMOR SIN CONDICIÓN	TWICE MUSIC	\N	\N	1	\N	\N	11	t	2023-04-23 06:00:00+00	2024-07-27 14:02:08.204238+00	2024-07-21 06:00:00+00
43	DIOS DE LO IMPOSIBLE	MARCO BARRIENTOS	\N	\N	1	\N	\N	6	t	2023-06-07 06:00:00+00	2024-07-27 14:47:17.873476+00	2024-07-25 00:30:00+00
2	CADENA DE CORITOS	\N	\N	\N	0	\N	\N	1	t	2023-09-17 06:00:00+00	2024-07-21 03:15:00.005988+00	2023-09-17 06:00:00+00
3	EL NIÑO DEL TAMBOR	\N	\N	\N	0	\N	\N	1	t	2023-12-24 06:00:00+00	2024-07-21 03:15:00.005988+00	2023-12-24 06:00:00+00
4	HA NACIDO	\N	\N	\N	0	\N	\N	1	t	2023-12-24 06:00:00+00	2024-07-21 03:15:00.005988+00	2023-12-24 06:00:00+00
5	SANTA LA NOCHE	\N	\N	\N	1	\N	\N	1	t	2023-12-24 06:00:00+00	2024-07-21 03:15:00.005988+00	2023-12-24 06:00:00+00
6	A TI ME RINDO	HILLSONG	\N	\N	1	\N	\N	1	t	2023-07-02 06:00:00+00	2024-07-21 03:15:00.005988+00	2023-07-02 06:00:00+00
7	ABRE MIS OJOS	DANILO MONTERO	\N	\N	1	\N	\N	5	t	2023-09-08 06:00:00+00	2024-07-21 03:15:00.005988+00	2024-03-20 06:00:00+00
8	ADMIRABLE	JULIO MELGAR	\N	\N	1	\N	\N	7	t	2023-05-28 06:00:00+00	2024-07-21 03:15:00.005988+00	2024-04-12 06:00:00+00
9	AL QUE ESTÁ SENTADO	MARCOS BRUNET	\N	\N	1	\N	\N	5	t	2023-05-07 06:00:00+00	2024-07-21 03:15:00.005988+00	2024-05-12 06:00:00+00
10	ALELUYA	MARCO BARRIENTOS	\N	\N	1	\N	\N	1	t	2023-06-25 06:00:00+00	2024-07-21 03:15:00.005988+00	2023-06-25 06:00:00+00
13	ANGUS DEI	MARCO BARRIENTOS	\N	\N	1	\N	\N	9	t	2023-08-30 06:00:00+00	2024-07-21 03:15:00.005988+00	2024-05-15 06:00:00+00
14	ANTE TU ALTAR	AVERLY MORRILLO	\N	\N	1	\N	\N	7	t	2023-04-16 06:00:00+00	2024-07-21 03:15:00.005988+00	2024-07-17 06:00:00+00
15	AQUÍ ESTOY	HILLSONG	\N	\N	1	\N	\N	2	t	2023-06-14 06:00:00+00	2024-07-21 03:15:00.005988+00	2023-11-12 06:00:00+00
16	ASÍ COMO DAVID DANZABA	EBENEZER	\N	\N	0	\N	\N	3	t	2023-09-08 06:00:00+00	2024-07-21 03:15:00.005988+00	2023-11-17 06:00:00+00
17	ATRAE MI CORAZÓN	MARCOS BRUNET	\N	\N	1	\N	\N	4	t	2023-07-02 06:00:00+00	2024-07-21 03:15:00.005988+00	2024-01-17 06:00:00+00
18	BENDITO JESÚS	DANILO MONTERO	\N	\N	0	\N	\N	2	t	2024-01-21 06:00:00+00	2024-07-21 03:15:00.005988+00	2024-02-18 06:00:00+00
19	BIENVENIDO ESPÍRITU SANTO	MIEL SAN MARCOS	\N	\N	0	\N	\N	5	t	2023-05-31 06:00:00+00	2024-07-21 03:15:00.005988+00	2024-05-19 06:00:00+00
20	BUEN PADRE	CHRIS TOMLIN	\N	\N	1	\N	\N	3	t	2023-06-11 06:00:00+00	2024-07-21 03:15:00.005988+00	2024-06-16 06:00:00+00
21	CAMBIARÉ LA TRISTEZA	VERTICAL	\N	\N	0	\N	\N	6	t	2023-06-14 06:00:00+00	2024-07-21 03:15:00.005988+00	2024-07-10 06:00:00+00
22	CANTARÉ DE TU AMOR	ALFA	\N	\N	0	\N	\N	1	t	2024-01-31 06:00:00+00	2024-07-21 03:15:00.005988+00	2024-01-31 06:00:00+00
23	CASA DE DIOS	DANILO MONTERO	\N	\N	0	\N	\N	1	t	2024-02-07 06:00:00+00	2024-07-21 03:15:00.005988+00	2024-02-07 06:00:00+00
24	CELEBRAR	JUAN CARLOS ALVARADO	\N	\N	0	\N	\N	4	t	2023-04-09 06:00:00+00	2024-07-21 03:15:00.005988+00	2024-04-10 06:00:00+00
25	CERCA DE TÍ	COALO ZAMORANO	\N	\N	1	\N	\N	1	t	2023-11-26 06:00:00+00	2024-07-21 03:15:00.005988+00	2023-11-26 06:00:00+00
26	CIELO Y LA TIERRA	JULIO MELGAR	\N	\N	0	\N	\N	1	t	2024-05-19 06:00:00+00	2024-07-21 03:15:00.005988+00	2024-05-19 06:00:00+00
27	COMO EN EL CIELO	MIEL SAN MARCOS	\N	\N	0	\N	\N	1	t	2023-06-11 06:00:00+00	2024-07-21 03:15:00.005988+00	2023-06-11 06:00:00+00
28	CON HUMILDAD	COALO ZAMORANO	\N	\N	0	\N	\N	3	t	2023-07-26 06:00:00+00	2024-07-21 03:15:00.005988+00	2024-05-29 06:00:00+00
29	CREO EN TI	JULIO MELGAR	\N	\N	1	\N	\N	10	t	2023-07-30 06:00:00+00	2024-07-21 03:15:00.005988+00	2024-07-14 06:00:00+00
30	CRISTO PUEDE MOVER MONTES	HILLSONG	\N	\N	1	\N	\N	3	t	2023-09-06 06:00:00+00	2024-07-21 03:15:00.005988+00	2024-06-12 06:00:00+00
31	CRISTO YO TE AMO	EN ESPÍRITU Y EN VERDAD	\N	\N	1	\N	\N	2	t	2023-08-23 06:00:00+00	2024-07-21 03:15:00.005988+00	2024-02-14 06:00:00+00
32	CUÁN GRANDE ES DIOS	EN ESPÍRITU Y EN VERDAD	\N	\N	1	\N	\N	6	t	2023-11-01 06:00:00+00	2024-07-21 03:15:00.005988+00	2024-06-26 06:00:00+00
33	CUERDAS DE AMOR	JULIO MELGAR	\N	\N	1	\N	\N	4	t	2023-08-13 06:00:00+00	2024-07-21 03:15:00.005988+00	2024-05-29 06:00:00+00
34	DANZANDO CON DIOS	GENERACIÓN 12	\N	\N	0	\N	\N	1	t	2023-11-05 06:00:00+00	2024-07-21 03:15:00.005988+00	2023-11-05 06:00:00+00
39	DIGNO	MARCOS BRUNET	\N	\N	1	\N	\N	7	t	2023-09-20 06:00:00+00	2024-07-21 03:15:00.005988+00	2024-07-05 06:00:00+00
42	DIGO SI	COALO ZAMORANO	\N	\N	0	\N	\N	1	t	2023-08-13 06:00:00+00	2024-07-21 03:15:00.005988+00	2023-08-13 06:00:00+00
41	DIGNO ES ÉL	DANILO MONTERO	\N	\N	1	\N	\N	1	t	2023-05-31 06:00:00+00	2024-07-21 03:15:00.005988+00	2023-05-31 06:00:00+00
44	DIOS INCOMPARABLE	GENERACIÓN 12	\N	\N	1	\N	\N	10	t	2023-05-28 06:00:00+00	2024-07-21 03:15:00.005988+00	2024-04-12 06:00:00+00
45	DONDE TÚ ESTÁS	COALO ZAMORANO	\N	\N	1	\N	\N	9	t	2023-07-19 06:00:00+00	2024-07-21 03:15:00.005988+00	2024-07-02 06:00:00+00
47	EL CIELO Y LA TIERRA	JULIO MELGAR	\N	\N	0	\N	\N	5	t	2023-05-14 06:00:00+00	2024-07-21 03:15:00.005988+00	2024-06-23 06:00:00+00
48	ÉL ES EL REY	DANILO MONTERO	\N	\N	0	\N	\N	2	t	2023-07-05 06:00:00+00	2024-07-21 03:15:00.005988+00	2023-11-01 06:00:00+00
49	EL QUE LAVO MIS PIES	DANILO MONTERO	\N	\N	1	\N	\N	4	t	2023-08-02 06:00:00+00	2024-07-21 03:15:00.005988+00	2024-03-03 06:00:00+00
35	DE GLORIA EN GLORIA	MARCO BARRIENTOS	\N	\N	0	\N	\N	11	t	2023-05-21 06:00:00+00	2024-07-21 03:15:00.005988+00	2024-06-26 06:00:00+00
36	DE TAL MANERA ME AMO	ABEL ZAVALA	\N	\N	1	\N	\N	1	t	2023-10-22 06:00:00+00	2024-07-21 03:15:00.005988+00	2023-10-22 06:00:00+00
38	DESDE MI INTERIOR	HILLSONG	\N	\N	1	\N	\N	6	t	2023-05-21 06:00:00+00	2024-07-21 03:15:00.005988+00	2024-06-23 06:00:00+00
40	DIGNO DE GLORIA	GERRY MARQUEZ	\N	\N	0	\N	\N	8	t	2023-09-03 06:00:00+00	2024-07-21 03:15:00.005988+00	2024-05-12 06:00:00+00
50	EL TIEMPO DE CANTAR	GERRY MARQUEZ	\N	\N	0	\N	\N	4	t	2023-07-12 06:00:00+00	2024-07-21 03:15:00.005988+00	2024-07-17 06:00:00+00
51	EN LA CASA DE DIOS	DANILO MONTERO	\N	\N	0	\N	\N	1	t	2024-03-17 06:00:00+00	2024-07-21 03:15:00.005988+00	2024-03-17 06:00:00+00
52	EN MEMORIA DE TI	UN CORAZÓN	\N	\N	1	\N	\N	2	t	2024-03-31 06:00:00+00	2024-07-21 03:15:00.005988+00	2024-04-07 06:00:00+00
53	EN TU LUZ	EN ESPÍRITU Y EN VERDAD	\N	\N	0	\N	\N	7	t	2023-04-16 06:00:00+00	2024-07-21 03:15:00.005988+00	2024-07-17 06:00:00+00
54	ENAMÓRAME	JESÚS ADRIÁN ROMERO	\N	\N	1	\N	\N	2	t	2024-03-06 06:00:00+00	2024-07-21 03:15:00.005988+00	2024-06-09 06:00:00+00
55	ERES MI PLENITUD	MARCOS BRUNET	\N	\N	1	\N	\N	7	t	2023-06-04 06:00:00+00	2024-07-21 03:15:00.005988+00	2024-07-05 06:00:00+00
56	ERES MI RESPIRAR	HILLSONG	\N	\N	1	\N	\N	1	t	2023-11-29 06:00:00+00	2024-07-21 03:15:00.005988+00	2023-11-29 06:00:00+00
57	ERES TÚ	DANILO MONTERO	\N	\N	0	\N	\N	1	t	2023-07-16 06:00:00+00	2024-07-21 03:15:00.005988+00	2023-07-16 06:00:00+00
58	ESCUCHARTE HABLAR	MARCOS WITT	\N	\N	1	\N	\N	2	t	2024-02-04 06:00:00+00	2024-07-21 03:15:00.005988+00	2024-03-03 06:00:00+00
59	ESPÍRITU SANTO	DANIEL CALVETI	\N	\N	0	\N	\N	4	t	2023-04-09 06:00:00+00	2024-07-21 03:15:00.005988+00	2024-04-10 06:00:00+00
60	ESPÍRITU Y VERDAD	MARCO BARRIENTOS	\N	\N	0	\N	\N	5	t	2023-08-20 06:00:00+00	2024-07-21 03:15:00.005988+00	2023-10-29 06:00:00+00
61	ESTE ES MI DESEO	CLAUDIO FREIDZON	\N	\N	1	\N	\N	3	t	2023-09-06 06:00:00+00	2024-07-21 03:15:00.005988+00	2023-09-17 06:00:00+00
62	GLORIOSO	JB PUTMAN	\N	\N	0	\N	\N	3	t	2023-09-10 06:00:00+00	2024-07-21 03:15:00.005988+00	2023-10-04 06:00:00+00
63	GLORIOSO DÍA	KRISTIAN STANFILL	\N	\N	0	\N	\N	12	t	2023-04-23 06:00:00+00	2024-07-21 03:15:00.005988+00	2024-07-05 06:00:00+00
64	GRACIA SUBLIME	JULIO MELGAR	\N	\N	0	\N	\N	9	t	2023-08-16 06:00:00+00	2024-07-21 03:15:00.005988+00	2024-07-14 06:00:00+00
65	GRANDE ERES DIOS	ALFA	\N	\N	1	\N	\N	11	t	2023-07-09 06:00:00+00	2024-07-21 03:15:00.005988+00	2024-07-10 06:00:00+00
66	GRANDE Y FUERTE	MIEL SAN MARCOS	\N	\N	0	\N	\N	4	t	2023-06-14 06:00:00+00	2024-07-21 03:15:00.005988+00	2024-03-27 06:00:00+00
67	GRANDES SON	JAIME MURRELL	\N	\N	0	\N	\N	3	t	2023-07-19 06:00:00+00	2024-07-21 03:15:00.005988+00	2024-03-13 06:00:00+00
68	HACEDORES DE HISTORIA	CLAUDIO FREIDZON	\N	\N	0	\N	\N	2	t	2023-06-25 06:00:00+00	2024-07-21 03:15:00.005988+00	2024-02-18 06:00:00+00
69	HAY LIBERTAD	ART. AGUILERA	\N	\N	0	\N	\N	5	t	2023-05-07 06:00:00+00	2024-07-21 03:15:00.005988+00	2024-07-10 06:00:00+00
70	HERMOSO ERES	MARCOS WITT	\N	\N	1	\N	\N	4	t	2023-04-09 06:00:00+00	2024-07-21 03:15:00.005988+00	2024-04-10 06:00:00+00
71	HOSSANA	MARCO BARRIENTOS	\N	\N	0	\N	\N	5	t	2023-07-02 06:00:00+00	2024-07-21 03:15:00.005988+00	2024-04-10 06:00:00+00
72	JESUCRISTO BASTA	UN CORAZÓN	\N	\N	1	\N	\N	11	t	2023-04-16 06:00:00+00	2024-07-21 03:15:00.005988+00	2024-07-17 06:00:00+00
73	JESÚS EN EL CENTRO	ISRAEL HOUGHTON	\N	\N	1	\N	\N	8	t	2023-05-14 06:00:00+00	2024-07-21 03:15:00.005988+00	2024-07-14 06:00:00+00
74	JESÚS MI FIEL AMIGO	JESÚS ADRIAN ROMERO DIRIGE: TIMOTHY	\N	\N	1	\N	\N	1	t	2024-01-24 06:00:00+00	2024-07-21 03:15:00.005988+00	2024-01-24 06:00:00+00
75	JESÚS TU ERES	DANILO MONTERO	\N	\N	0	\N	\N	4	t	2023-07-26 06:00:00+00	2024-07-21 03:15:00.005988+00	2023-12-10 06:00:00+00
76	LA BENDICIÓN	ELEVATION WORSHIP	\N	\N	1	\N	\N	4	t	2023-08-23 06:00:00+00	2024-07-21 03:15:00.005988+00	2024-05-15 06:00:00+00
77	LA BONDAD DE DIOS	ESSENTIAL WORSHIP	\N	\N	1	\N	\N	2	t	2024-06-02 06:00:00+00	2024-07-21 03:15:00.005988+00	2024-06-05 06:00:00+00
78	LA NIÑA DE TUS OJOS	DANIEL CALVETI	\N	\N	1	\N	\N	6	t	2023-08-02 06:00:00+00	2024-07-21 03:15:00.005988+00	2024-05-12 06:00:00+00
79	LEVANTATE	MARCOS WITT	\N	\N	0	\N	\N	2	t	2023-09-08 06:00:00+00	2024-07-21 03:15:00.005988+00	2023-11-17 06:00:00+00
80	LIBRE	DAVID SCARPETA	\N	\N	0	\N	\N	12	t	2023-06-18 06:00:00+00	2024-07-21 03:15:00.005988+00	2024-07-05 06:00:00+00
82	LO ÚNICO QUE QUIERO	MARCELA GÁNDARA	\N	\N	1	\N	\N	9	t	2023-05-07 06:00:00+00	2024-07-21 03:15:00.005988+00	2024-06-23 06:00:00+00
83	MANDA LA LLUVIA	MARCOS BARRIENTOS	\N	\N	1	\N	\N	3	t	2023-08-02 06:00:00+00	2024-07-21 03:15:00.005988+00	2023-11-22 06:00:00+00
84	MI PLENITUD	MARCOS BRUNET	\N	\N	1	\N	\N	1	t	2023-09-03 06:00:00+00	2024-07-21 03:15:00.005988+00	2023-09-03 06:00:00+00
85	NADA ES IMPOSIBLE	PLANETSHAKER	\N	\N	0	\N	\N	6	t	2023-10-29 06:00:00+00	2024-07-21 03:15:00.005988+00	2024-06-16 06:00:00+00
86	NO HAY LUGAR MÁS ALTO	MIEL SAN MARCOS	\N	\N	1	\N	\N	1	t	2024-02-04 06:00:00+00	2024-07-21 03:15:00.005988+00	2024-02-04 06:00:00+00
88	NUESTRO DIOS	DANNY DÍAZ	\N	\N	1	\N	\N	2	t	2023-07-23 06:00:00+00	2024-07-21 03:15:00.005988+00	2024-01-28 06:00:00+00
89	OCEANOS	HILLSONG	\N	\N	1	\N	\N	1	t	2023-10-15 06:00:00+00	2024-07-21 03:15:00.005988+00	2023-10-15 06:00:00+00
90	PADRE NUESTRO	BETHEL MUSIC	\N	\N	1	\N	\N	4	t	2023-06-11 06:00:00+00	2024-07-21 03:15:00.005988+00	2024-06-16 06:00:00+00
91	PERFUME A TUS PIES	EN ESPÍRITU Y EN VERDAD	\N	\N	1	\N	\N	8	t	2023-06-07 06:00:00+00	2024-07-21 03:15:00.005988+00	2024-04-17 06:00:00+00
92	POR SIEMPRE	VINO NUEVO	\N	\N	0	\N	\N	12	t	2023-05-07 06:00:00+00	2024-07-21 03:15:00.005988+00	2024-07-05 06:00:00+00
93	PRECIOSA SANGRE	MARCO BARRIENTOS	\N	\N	1	\N	\N	3	t	2023-06-04 06:00:00+00	2024-07-21 03:15:00.005988+00	2024-01-07 06:00:00+00
94	PROEZAS	MIEL SAN MARCOS	\N	\N	1	\N	\N	1	t	2024-06-12 06:00:00+00	2024-07-21 03:15:00.005988+00	2024-06-12 06:00:00+00
96	QUE SE LLENE TU CASA	INGRID ROSARIO	\N	\N	0	\N	\N	3	t	2023-11-05 06:00:00+00	2024-07-21 03:15:00.005988+00	2024-03-20 06:00:00+00
97	REVELACIÓN	DANILO MONTERO	\N	\N	1	\N	\N	10	t	2023-06-21 06:00:00+00	2024-07-21 03:15:00.005988+00	2024-07-10 06:00:00+00
98	REY	CHRISTINE D'CLARIO	\N	\N	0	\N	\N	11	t	2023-05-31 06:00:00+00	2024-07-21 03:15:00.005988+00	2024-06-16 06:00:00+00
99	REY DE MAJESTAD	HILLSONG	\N	\N	0	\N	\N	2	t	2023-06-25 06:00:00+00	2024-07-21 03:15:00.005988+00	2024-04-07 06:00:00+00
100	SANTO	COALO ZAMORANO	\N	\N	0	\N	\N	14	t	2023-05-14 06:00:00+00	2024-07-21 03:15:00.005988+00	2024-06-12 06:00:00+00
102	SERÁ LLENA LA TIERRA (LA COSECHA)	MARCO BARRIENTOS	\N	\N	0	\N	\N	1	t	2023-09-17 06:00:00+00	2024-07-21 03:15:00.005988+00	2023-09-17 06:00:00+00
103	SUBLIME GRACIA	EN ESPÍRITU Y EN VERDAD	\N	\N	1	\N	\N	1	t	2023-11-05 06:00:00+00	2024-07-21 03:15:00.005988+00	2023-11-05 06:00:00+00
104	TE ALABARÉ	DANILO MONTERO	\N	\N	0	\N	\N	5	t	2023-12-03 06:00:00+00	2024-07-21 03:15:00.005988+00	2024-02-21 06:00:00+00
105	TE DARÉ LO MEJOR	JESÚS ADRIAN ROMERO	\N	\N	0	\N	\N	1	t	2023-12-20 06:00:00+00	2024-07-21 03:15:00.005988+00	2023-12-20 06:00:00+00
107	TE PERTENEZCO	ABEL ZAVALA	\N	\N	0	\N	\N	7	t	2023-04-16 06:00:00+00	2024-07-21 03:15:00.005988+00	2024-06-02 06:00:00+00
108	TEMPRANO YO TE BUSCARÉ	MARCOS WITT	\N	\N	1	\N	\N	2	t	2023-04-09 06:00:00+00	2024-07-21 03:15:00.005988+00	2024-04-10 06:00:00+00
109	TODO PODEROSO (LA ÚNICA RAZÓN)	ROJO	\N	\N	0	\N	\N	5	t	2023-06-07 06:00:00+00	2024-07-21 03:15:00.005988+00	2024-03-31 06:00:00+00
110	TU ERES MI RESPIRAR	HILLSONG	\N	\N	1	\N	\N	1	t	2023-07-19 06:00:00+00	2024-07-21 03:15:00.005988+00	2023-07-19 06:00:00+00
111	TÚ HARÁS	MARCOS WITT	\N	\N	0	\N	\N	7	t	2023-06-04 06:00:00+00	2024-07-21 03:15:00.005988+00	2024-04-14 06:00:00+00
112	TU PRESENCIA ES EL CIELO	ISRAEL HOUGHTON	\N	\N	1	\N	\N	2	t	2023-05-14 06:00:00+00	2024-07-21 03:15:00.005988+00	2023-12-13 06:00:00+00
113	TUMBAS A JARDINES	ELEVATION WORSHIP	\N	\N	1	\N	\N	5	t	2023-11-05 06:00:00+00	2024-07-21 03:15:00.005988+00	2024-03-24 06:00:00+00
114	VAMOS A CANTAR	EN ESPÍRITU Y EN VERDAD	\N	\N	0	\N	\N	5	t	2023-04-09 06:00:00+00	2024-07-21 03:15:00.005988+00	2024-06-05 06:00:00+00
115	VEN	MARCO BARRIENTOS	\N	\N	0	\N	\N	4	t	2023-06-28 06:00:00+00	2024-07-21 03:15:00.005988+00	2024-05-22 06:00:00+00
116	VEN A ESTE LUGAR	DANILO MONTERO	\N	\N	1	\N	\N	3	t	2023-07-12 06:00:00+00	2024-07-21 03:15:00.005988+00	2024-02-18 06:00:00+00
117	VENGO ADORARTE	ALFA	\N	\N	1	\N	\N	4	t	2023-08-06 06:00:00+00	2024-07-21 03:15:00.005988+00	2024-01-31 06:00:00+00
118	VIVIRÉ PARA ALABARTE	JULIO MELGAR	\N	\N	0	\N	\N	4	t	2024-03-13 06:00:00+00	2024-07-21 03:15:00.005988+00	2024-07-14 06:00:00+00
119	YA NO SOY ESCLAVO	JULIO MELGAR	\N	\N	1	\N	\N	5	t	2023-06-25 06:00:00+00	2024-07-21 03:15:00.005988+00	2024-03-20 06:00:00+00
120	YESHUA	MARCOS BRUNET	\N	\N	1	\N	\N	9	t	2023-04-23 06:00:00+00	2024-07-21 03:15:00.005988+00	2024-06-05 06:00:00+00
121	YO SE QUIEN SOY YO	ISRAEL HOUGHTON	\N	\N	0	\N	\N	1	t	2024-07-02 06:00:00+00	2024-07-21 03:15:00.005988+00	2024-07-02 06:00:00+00
81	LO HARÁS OTRA VEZ	ELEVATION WORSHIP	\N	\N	1	\N	\N	6	t	2023-07-23 06:00:00+00	2024-07-27 14:02:08.204238+00	2024-07-21 06:00:00+00
101	SEÑOR ERES FIEL	COALO ZAMORANO	\N	\N	0	\N	\N	12	t	2023-05-28 06:00:00+00	2024-07-27 14:02:08.204238+00	2024-07-21 06:00:00+00
87	NOMBRE NO HAY	FREDDY RODRIGUEZ	\N	\N	0	\N	\N	10	t	2023-04-23 06:00:00+00	2024-07-27 14:47:17.875489+00	2024-07-25 00:30:00+00
95	PUEDO IMAGINARME	VERTICAL	\N	\N	1	\N	\N	6	t	2023-06-28 06:00:00+00	2024-07-27 14:47:17.876146+00	2024-07-25 00:30:00+00
106	TE DOY GLORIA	EN ESPÍRITU Y EN VERDAD	\N	\N	0	\N	\N	11	t	2023-07-19 06:00:00+00	2024-07-27 14:47:17.876785+00	2024-07-25 00:30:00+00
\.


--
-- Data for Name: event_songs; Type: TABLE DATA; Schema: public; Owner: cristian
--

COPY public.event_songs (event_id, song_id, "order") FROM stdin;
71	47	1
2	24	1
2	59	2
2	114	3
2	70	4
2	108	5
3	53	1
3	107	2
3	72	3
3	14	4
4	63	1
4	87	2
4	12	3
4	120	4
5	92	1
5	69	2
5	82	3
5	9	4
6	100	1
6	47	2
6	73	3
6	112	4
7	100	1
7	35	2
7	72	3
7	38	4
8	11	1
8	101	2
8	44	3
8	8	4
9	19	1
9	98	2
9	70	3
9	41	4
71	111	2
71	55	3
71	120	4
71	93	5
10	98	1
10	109	2
10	43	3
10	91	4
11	24	1
11	59	2
11	27	2
11	20	3
11	90	4
12	66	1
12	21	2
12	15	3
12	43	4
13	80	1
13	63	2
13	20	3
13	14	4
14	109	1
14	80	2
14	97	3
14	72	4
15	68	1
15	99	2
15	10	3
15	119	4
16	115	1
16	98	2
16	95	3
16	9	4
17	111	1
17	71	2
17	6	3
17	17	4
18	92	1
18	48	2
18	91	3
18	82	4
19	107	1
19	47	2
19	65	3
19	12	4
20	50	1
20	100	2
20	116	3
20	8	4
21	107	1
21	57	2
21	65	3
21	12	4
22	106	1
22	67	2
22	110	3
22	45	4
23	53	1
23	88	2
23	73	3
23	81	4
24	28	1
24	75	2
24	82	3
24	91	4
25	80	1
25	35	2
25	29	3
25	72	4
26	111	1
26	100	2
26	45	3
26	78	4
26	49	5
26	83	6
27	71	1
27	69	2
27	117	3
27	12	4
28	111	1
28	100	2
28	45	3
28	78	4
28	49	5
28	83	6
29	42	1
29	100	2
29	38	3
29	33	4
30	106	1
30	64	2
30	91	3
30	8	4
31	98	1
31	60	2
31	116	3
31	119	4
32	60	1
32	64	2
32	31	3
32	76	4
33	80	1
33	60	2
33	63	3
33	14	4
34	101	1
34	11	2
34	13	3
34	97	4
35	35	1
35	40	2
35	95	3
35	84	4
36	107	1
36	62	2
36	29	3
36	81	4
37	106	1
37	50	2
37	30	3
37	61	4
38	19	1
38	98	2
38	72	3
38	45	4
38	11	5
38	101	6
38	80	7
38	16	8
38	79	9
38	13	10
38	87	11
38	7	12
38	55	13
38	120	14
38	91	15
39	11	1
39	101	2
39	13	3
39	61	4
40	102	1
40	80	2
40	2	3
40	61	4
41	92	1
41	106	2
41	43	3
41	39	4
42	92	1
42	87	2
42	17	3
42	33	4
43	66	1
43	21	2
43	44	3
43	45	4
44	60	1
44	62	2
44	29	3
44	72	4
45	62	1
45	35	2
45	97	3
45	91	4
46	40	1
46	107	2
46	117	3
46	14	4
47	75	1
47	100	2
47	39	3
47	9	4
48	19	1
48	35	2
48	89	3
48	120	4
49	87	1
49	64	2
49	82	3
49	44	4
50	92	1
50	63	2
50	36	3
50	76	4
51	24	1
51	59	2
51	16	2
51	13	3
51	91	4
52	60	1
52	85	2
52	82	3
52	90	4
53	100	1
53	48	2
53	7	3
53	32	4
54	96	1
54	34	2
54	103	3
54	113	4
55	115	1
55	67	2
55	97	3
55	17	4
56	7	1
56	71	2
56	15	3
56	113	4
57	101	1
57	11	2
57	117	3
57	44	4
58	92	1
58	100	2
58	72	3
58	45	4
58	64	5
58	63	6
58	80	7
58	16	8
58	79	9
58	13	10
58	87	11
58	65	12
58	55	13
58	120	14
58	113	15
59	75	1
59	40	2
59	32	3
59	29	4
60	111	1
60	100	2
60	45	3
60	78	4
60	49	5
60	83	6
61	80	1
61	92	2
61	65	3
61	25	4
62	53	1
62	35	2
62	56	3
62	119	4
63	111	1
63	104	2
63	73	3
63	93	4
64	21	1
64	104	2
64	13	3
64	38	4
65	75	1
65	40	2
65	32	3
65	29	4
66	101	1
66	100	2
66	112	3
66	43	4
67	87	1
67	106	2
67	82	3
67	65	4
68	105	1
68	63	2
68	44	3
68	120	4
69	3	1
69	1	2
69	4	3
69	5	4
70	40	1
70	104	2
70	97	3
70	44	4
72	63	1
72	106	2
72	13	3
72	81	4
73	96	1
73	100	2
73	93	3
73	55	4
74	87	1
74	11	2
74	73	3
74	65	4
75	19	1
75	85	2
75	12	3
75	76	4
76	53	1
76	92	2
76	7	3
76	17	4
77	18	1
77	63	2
77	119	3
77	14	4
78	98	1
78	104	2
78	74	3
78	8	4
79	88	1
79	47	2
79	39	3
79	90	4
80	109	1
80	106	2
80	117	3
80	22	4
81	66	1
81	35	2
81	86	3
81	58	4
81	78	5
82	23	1
82	92	2
82	97	3
82	43	4
83	92	1
83	63	2
83	44	3
83	72	4
84	71	1
84	35	2
84	31	3
84	9	4
85	18	1
85	68	2
85	116	3
85	113	4
86	104	1
86	109	2
86	44	3
86	39	4
87	53	1
87	35	2
87	78	3
87	8	4
88	114	1
88	38	3
88	30	4
89	98	1
89	106	2
89	97	3
89	58	4
89	49	5
90	85	1
90	87	2
90	54	3
90	120	4
91	64	1
91	40	2
91	12	3
91	82	4
92	118	1
92	67	2
92	95	3
92	55	4
93	106	1
93	51	2
93	97	3
93	44	4
94	96	1
94	64	2
94	7	3
94	119	4
95	69	1
95	107	2
95	113	3
95	65	4
96	66	1
96	100	2
96	13	3
96	29	4
97	98	1
97	109	2
97	8	3
97	52	4
98	70	1
98	118	2
98	21	3
98	95	4
99	50	1
99	99	2
99	52	3
99	73	4
100	24	1
100	59	2
100	71	3
100	108	4
100	70	5
100	38	6
101	98	1
101	106	2
101	44	3
101	8	4
101	11	5
101	101	6
101	80	7
101	29	8
101	65	9
102	63	1
102	111	2
102	45	3
102	12	4
103	114	1
103	85	2
103	32	3
103	91	4
104	64	1
104	40	2
104	12	3
104	82	4
105	115	1
105	28	2
105	73	3
105	72	4
106	11	1
106	101	2
106	29	3
106	55	4
106	120	5
107	98	1
107	40	2
107	39	3
107	9	4
107	78	5
108	63	1
108	85	2
108	13	3
108	76	4
109	19	1
109	26	2
109	95	3
109	81	4
110	115	1
110	64	2
110	97	3
110	33	4
111	35	1
111	114	2
111	32	3
111	65	4
112	28	1
112	21	2
112	33	3
112	29	4
113	107	1
113	80	2
113	77	3
113	14	4
115	114	1
115	53	2
115	77	3
115	120	4
114	101	1
114	87	2
114	54	3
114	73	4
116	100	1
116	118	2
116	30	3
116	94	4
117	98	1
117	85	2
117	20	3
117	90	4
118	47	1
118	92	2
118	38	3
118	82	4
119	35	1
119	80	2
119	32	3
119	39	4
120	69	1
120	121	2
120	45	3
120	65	4
126	63	1
126	92	2
126	80	3
126	55	4
126	39	5
121	101	1
121	11	2
121	72	3
121	12	4
122	69	1
122	21	2
122	97	3
122	65	4
123	118	1
123	64	2
123	29	3
123	73	4
124	53	1
124	50	2
124	72	3
124	14	4
125	101	1
125	11	2
125	12	3
125	81	4
127	87	1
127	106	2
127	95	3
127	43	4
128	64	1
128	40	2
128	82	3
128	32	4
\.


--
-- Name: events_id_seq; Type: SEQUENCE SET; Schema: public; Owner: cristian
--

SELECT pg_catalog.setval('public.events_id_seq', 129, true);


--
-- Name: songs_id_seq; Type: SEQUENCE SET; Schema: public; Owner: cristian
--

SELECT pg_catalog.setval('public.songs_id_seq', 121, true);


--
-- PostgreSQL database dump complete
--

