--
-- PostgreSQL database dump
--

-- Dumped from database version 15.4
-- Dumped by pg_dump version 15.4

SET statement_timeout = 0;
SET lock_timeout = 0;
SET idle_in_transaction_session_timeout = 0;
SET client_encoding = 'UTF8';
SET standard_conforming_strings = on;
SELECT pg_catalog.set_config('search_path', '', false);
SET check_function_bodies = false;
SET xmloption = content;
SET client_min_messages = warning;
SET row_security = off;

--
-- Data for Name: hdb_action_log; Type: TABLE DATA; Schema: hdb_catalog; Owner: cristian
--

COPY hdb_catalog.hdb_action_log (id, action_name, input_payload, request_headers, session_variables, response_payload, errors, created_at, response_received_at, status) FROM stdin;
\.


--
-- Data for Name: hdb_cron_events; Type: TABLE DATA; Schema: hdb_catalog; Owner: cristian
--

COPY hdb_catalog.hdb_cron_events (id, trigger_name, scheduled_time, status, tries, created_at, next_retry_at) FROM stdin;
\.


--
-- Data for Name: hdb_cron_event_invocation_logs; Type: TABLE DATA; Schema: hdb_catalog; Owner: cristian
--

COPY hdb_catalog.hdb_cron_event_invocation_logs (id, event_id, status, request, response, created_at) FROM stdin;
\.


--
-- Data for Name: hdb_metadata; Type: TABLE DATA; Schema: hdb_catalog; Owner: cristian
--

COPY hdb_catalog.hdb_metadata (id, metadata, resource_version) FROM stdin;
1	{"sources":[{"configuration":{"connection_info":{"database_url":{"from_env":"HASURA_GRAPHQL_DATABASE_URL"},"isolation_level":"read-committed","pool_settings":{"connection_lifetime":600,"idle_timeout":180,"max_connections":50,"retries":1},"use_prepared_statements":true}},"kind":"postgres","name":"default","tables":[{"object_relationships":[{"name":"role","using":{"manual_configuration":{"column_mapping":{"role_id":"id"},"insertion_order":null,"remote_table":{"name":"band_roles","schema":"public"}}}}],"table":{"name":"band_members","schema":"public"}},{"table":{"name":"band_roles","schema":"public"}},{"object_relationships":[{"name":"event","using":{"foreign_key_constraint_on":"event_id"}},{"name":"member","using":{"manual_configuration":{"column_mapping":{"member_id":"id"},"insertion_order":null,"remote_table":{"name":"band_members","schema":"public"}}}},{"name":"song","using":{"foreign_key_constraint_on":"song_id"}}],"table":{"name":"event_songs","schema":"public"}},{"table":{"name":"events","schema":"public"}},{"table":{"name":"songs","schema":"public"}}]}],"version":3}	25
\.


--
-- Data for Name: hdb_scheduled_events; Type: TABLE DATA; Schema: hdb_catalog; Owner: cristian
--

COPY hdb_catalog.hdb_scheduled_events (id, webhook_conf, scheduled_time, retry_conf, payload, header_conf, status, tries, created_at, next_retry_at, comment) FROM stdin;
\.


--
-- Data for Name: hdb_scheduled_event_invocation_logs; Type: TABLE DATA; Schema: hdb_catalog; Owner: cristian
--

COPY hdb_catalog.hdb_scheduled_event_invocation_logs (id, event_id, status, request, response, created_at) FROM stdin;
\.


--
-- Data for Name: hdb_schema_notifications; Type: TABLE DATA; Schema: hdb_catalog; Owner: cristian
--

COPY hdb_catalog.hdb_schema_notifications (id, notification, resource_version, instance_id, updated_at) FROM stdin;
1	{"metadata":false,"remote_schemas":[],"sources":[],"data_connectors":[]}	25	4ab30873-d245-4cfa-a9f6-0ab8823097f3	2024-05-29 01:05:58.343812+00
\.


--
-- Data for Name: hdb_version; Type: TABLE DATA; Schema: hdb_catalog; Owner: cristian
--

COPY hdb_catalog.hdb_version (hasura_uuid, version, upgraded_on, cli_state, console_state, ee_client_id, ee_client_secret) FROM stdin;
a601efab-0ad9-40ab-8ca2-032569bbc2a6	48	2024-05-29 00:41:48.334135+00	{}	{"console_notifications": {"admin": {"date": "2024-05-29T01:37:21.079Z", "read": [], "showBadge": true}}}	\N	\N
\.


--
-- Data for Name: band_members; Type: TABLE DATA; Schema: public; Owner: cristian
--

COPY public.band_members (id, first_name, last_name, role_id, created_at, updated_at, active) FROM stdin;
1	CRISTIAN	AYALA	2	2024-10-08 16:59:50.37959+00	\N	t
2	CARLOS	ACOSTA	4	2024-10-08 17:03:13.575718+00	\N	t
3	EUNICE	GOMEZ	5	2024-10-08 17:05:16.672542+00	\N	t
4	LITO	DERAS	3	2024-10-08 17:16:51.02069+00	2024-10-08 17:17:50.998301+00	t
5	NICOLLE	GALDAMEZ	5	2024-10-08 17:19:36.596929+00	2024-10-08 17:20:14.832101+00	t
6	MAURO	AYALA	1	2024-10-17 22:54:40.486395+00	2024-10-17 22:57:06.153162+00	t
\.


--
-- Data for Name: band_roles; Type: TABLE DATA; Schema: public; Owner: cristian
--

COPY public.band_roles (id, role_name, created_at, updated_at, active) FROM stdin;
4	BAJISTA	2024-10-03 18:39:13.151827+00	2024-10-04 00:51:25.312426+00	t
3	BATERISTA	2024-10-03 18:39:07.385086+00	2024-10-04 00:51:35.739515+00	t
1	CANTANTE	2024-10-03 18:38:52.912911+00	2024-10-04 00:51:41.980919+00	t
5	CORO	2024-10-03 18:39:23.688936+00	2024-10-04 00:51:46.273474+00	t
2	GUITARRISTA	2024-10-03 18:39:00.974681+00	2024-10-04 00:51:50.232763+00	t
6	PIANISTA	2024-10-04 00:59:16.511875+00	2024-10-04 01:10:20.943075+00	f
\.


--
-- Data for Name: events; Type: TABLE DATA; Schema: public; Owner: cristian
--

COPY public.events (id, name, date, hour, "desc", active) FROM stdin;
127	MIÉRCOLES	2024-07-25 00:30:00+00	18:30:00+00		f
2	DOMINGO	2023-04-09 00:00:00+00	10:00:00+00	\N	f
3	DOMINGO	2023-04-16 00:00:00+00	10:00:00+00	\N	f
4	DOMINGO	2023-04-23 00:00:00+00	10:00:00+00	\N	f
5	DOMINGO	2023-05-07 00:00:00+00	10:00:00+00	\N	f
6	DOMINGO	2023-05-14 00:00:00+00	10:00:00+00	\N	f
7	DOMINGO	2023-05-21 00:00:00+00	10:00:00+00	\N	f
8	DOMINGO	2023-05-28 00:00:00+00	10:00:00+00	\N	f
9	MIÉRCOLES	2023-05-31 00:00:00+00	18:30:00+00	\N	f
10	MIÉRCOLES	2023-06-07 00:00:00+00	18:30:00+00	\N	f
11	DOMINGO	2023-06-11 00:00:00+00	10:00:00+00	\N	f
12	MIÉRCOLES	2023-06-14 00:00:00+00	18:30:00+00	\N	f
13	DOMINGO	2023-06-18 00:00:00+00	10:00:00+00	\N	f
14	MIÉRCOLES	2023-06-21 00:00:00+00	18:30:00+00	\N	f
15	DOMINGO	2023-06-25 00:00:00+00	10:00:00+00	\N	f
16	MIÉRCOLES	2023-06-28 00:00:00+00	18:30:00+00	\N	f
17	DOMINGO	2023-07-02 00:00:00+00	10:00:00+00	\N	f
18	MIÉRCOLES	2023-07-05 00:00:00+00	18:30:00+00	\N	f
19	DOMINGO	2023-07-09 00:00:00+00	10:00:00+00	\N	f
20	MIÉRCOLES	2023-07-12 00:00:00+00	18:30:00+00	\N	f
21	DOMINGO	2023-07-16 00:00:00+00	10:00:00+00	\N	f
22	MIÉRCOLES	2023-07-19 00:00:00+00	18:30:00+00	\N	f
23	DOMINGO	2023-07-23 00:00:00+00	10:00:00+00	\N	f
24	MIÉRCOLES	2023-07-26 00:00:00+00	18:30:00+00	\N	f
25	DOMINGO	2023-07-30 00:00:00+00	10:00:00+00	\N	f
26	MIÉRCOLES	2023-08-02 00:00:00+00	18:30:00+00	\N	f
27	DOMINGO	2023-08-06 00:00:00+00	10:00:00+00	\N	f
28	MIÉRCOLES	2023-08-09 00:00:00+00	18:30:00+00	\N	f
29	DOMINGO	2023-08-13 00:00:00+00	10:00:00+00	\N	f
30	MIÉRCOLES	2023-08-16 00:00:00+00	18:30:00+00	\N	f
31	DOMINGO	2023-08-20 00:00:00+00	10:00:00+00	\N	f
32	MIÉRCOLES	2023-08-23 00:00:00+00	18:30:00+00	\N	f
33	DOMINGO	2023-08-27 00:00:00+00	10:00:00+00	\N	f
34	MIÉRCOLES	2023-08-30 00:00:00+00	18:30:00+00	\N	f
35	DOMINGO	2023-09-03 00:00:00+00	10:00:00+00	\N	f
36	DOMINGO	2023-09-10 00:00:00+00	10:00:00+00	\N	f
37	MIÉRCOLES	2023-09-06 00:00:00+00	18:30:00+00	\N	f
38	VIERNES	2023-09-08 00:00:00+00	19:00:00+00	\N	f
39	MIÉRCOLES	2023-09-13 00:00:00+00	18:30:00+00	\N	f
40	DOMINGO	2023-09-17 00:00:00+00	10:00:00+00	\N	f
41	MIÉRCOLES	2023-09-20 00:00:00+00	18:30:00+00	\N	f
42	DOMINGO	2023-09-24 00:00:00+00	10:00:00+00	\N	f
43	DOMINGO	2023-09-27 00:00:00+00	10:00:00+00	\N	f
44	DOMINGO	2023-10-01 00:00:00+00	10:00:00+00	\N	f
45	MIÉRCOLES	2023-10-04 00:00:00+00	18:30:00+00	\N	f
46	DOMINGO	2023-10-08 00:00:00+00	10:00:00+00	\N	f
47	MIÉRCOLES	2023-10-11 00:00:00+00	18:30:00+00	\N	f
48	DOMINGO	2023-10-15 00:00:00+00	10:00:00+00	\N	f
49	MIÉRCOLES	2023-10-18 00:00:00+00	18:30:00+00	\N	f
50	DOMINGO	2023-10-22 00:00:00+00	10:00:00+00	\N	f
51	MIÉRCOLES	2023-10-25 00:00:00+00	18:30:00+00	\N	f
52	DOMINGO	2023-10-29 00:00:00+00	10:00:00+00	\N	f
53	MIÉRCOLES	2023-11-01 00:00:00+00	18:30:00+00	\N	f
54	DOMINGO	2023-11-05 00:00:00+00	10:00:00+00	\N	f
55	MIÉRCOLES	2023-11-08 00:00:00+00	18:30:00+00	\N	f
56	DOMINGO	2023-11-12 00:00:00+00	10:00:00+00	\N	f
57	MIÉRCOLES	2023-11-15 00:00:00+00	18:30:00+00	\N	f
58	VIERNES	2023-11-17 00:00:00+00	19:00:00+00	\N	f
59	DOMINGO	2023-11-19 00:00:00+00	10:00:00+00	\N	f
60	MIÉRCOLES	2023-11-22 00:00:00+00	18:30:00+00	\N	f
61	DOMINGO	2023-11-26 00:00:00+00	10:00:00+00	\N	f
62	MIÉRCOLES	2023-11-29 00:00:00+00	18:30:00+00	\N	f
63	DOMINGO	2023-12-03 00:00:00+00	10:00:00+00	\N	f
64	MIÉRCOLES	2023-12-06 00:00:00+00	18:30:00+00	\N	f
65	DOMINGO	2023-12-10 00:00:00+00	10:00:00+00	\N	f
66	MIÉRCOLES	2023-12-13 00:00:00+00	18:30:00+00	\N	f
67	DOMINGO	2023-12-17 00:00:00+00	10:00:00+00	\N	f
68	MIÉRCOLES	2023-12-20 00:00:00+00	18:30:00+00	\N	f
69	DOMINGO	2023-12-24 00:00:00+00	10:00:00+00	\N	f
70	DOMINGO	2023-12-31 00:00:00+00	10:00:00+00	\N	f
71	DOMINGO	2023-06-04 00:00:00+00	10:00:00+00	\N	f
72	MIÉRCOLES	2024-01-03 00:00:00+00	18:30:00+00	\N	f
73	DOMINGO	2024-01-07 00:00:00+00	10:00:00+00	\N	f
74	MIÉRCOLES	2024-01-10 00:00:00+00	18:30:00+00	\N	f
75	DOMINGO	2024-01-14 00:00:00+00	10:00:00+00	\N	f
76	MIÉRCOLES	2024-01-17 00:00:00+00	18:30:00+00	\N	f
77	DOMINGO	2024-01-21 00:00:00+00	10:00:00+00	\N	f
78	MIÉRCOLES	2024-01-24 00:00:00+00	18:30:00+00	\N	f
79	DOMINGO	2024-01-28 00:00:00+00	10:00:00+00	\N	f
80	MIÉRCOLES	2024-01-31 00:00:00+00	18:30:00+00	\N	f
81	DOMINGO	2024-02-04 00:00:00+00	10:00:00+00	\N	f
82	MIÉRCOLES	2024-02-07 00:00:00+00	18:30:00+00	\N	f
83	DOMINGO	2024-02-11 00:00:00+00	10:00:00+00	\N	f
84	MIÉRCOLES	2024-02-14 00:00:00+00	18:30:00+00	\N	f
85	DOMINGO	2024-02-18 00:00:00+00	10:00:00+00	\N	f
86	MIÉRCOLES	2024-02-21 00:00:00+00	18:30:00+00	\N	f
87	DOMINGO	2024-02-25 00:00:00+00	10:00:00+00	\N	f
88	MIÉRCOLES	2024-02-28 00:00:00+00	18:30:00+00	\N	f
89	DOMINGO	2024-03-03 00:00:00+00	10:00:00+00	\N	f
90	MIÉRCOLES	2024-03-06 00:00:00+00	18:30:00+00	\N	f
91	DOMINGO	2024-03-10 00:00:00+00	10:00:00+00	\N	f
92	MIÉRCOLES	2024-03-13 00:00:00+00	18:30:00+00	\N	f
93	DOMINGO	2024-03-17 00:00:00+00	10:00:00+00	\N	f
94	MIÉRCOLES	2024-03-20 00:00:00+00	18:30:00+00	\N	f
95	DOMINGO	2024-03-24 00:00:00+00	10:00:00+00	\N	f
96	MIÉRCOLES	2024-03-27 00:00:00+00	18:30:00+00	\N	f
97	DOMINGO	2024-03-31 00:00:00+00	10:00:00+00	\N	f
98	MIÉRCOLES	2024-04-03 00:00:00+00	18:30:00+00	\N	f
99	DOMINGO	2024-04-07 00:00:00+00	10:00:00+00	\N	f
100	MIÉRCOLES	2024-04-10 00:00:00+00	18:30:00+00	\N	f
101	VIERNES	2024-04-12 00:00:00+00	19:00:00+00	\N	f
102	DOMINGO	2024-04-14 00:00:00+00	10:00:00+00	\N	f
103	MIÉRCOLES	2024-04-17 00:00:00+00	18:30:00+00	\N	f
104	MIÉRCOLES	2024-04-24 00:00:00+00	18:30:00+00	\N	f
105	MIÉRCOLES	2024-05-01 00:00:00+00	18:30:00+00	\N	f
106	DOMINGO	2024-05-05 00:00:00+00	10:00:00+00	\N	f
107	DOMINGO	2024-05-12 00:00:00+00	10:00:00+00	\N	f
108	MIÉRCOLES	2024-05-15 00:00:00+00	18:30:00+00	\N	f
109	DOMINGO	2024-05-19 00:00:00+00	10:00:00+00	\N	f
110	MIÉRCOLES	2024-05-22 00:00:00+00	18:30:00+00	\N	f
111	DOMINGO	2024-05-26 00:00:00+00	10:00:00+00	\N	f
112	MIÉRCOLES	2024-05-29 00:00:00+00	18:30:00+00	\N	f
113	DOMINGO	2024-06-02 00:00:00+00	10:00:00+00	\N	f
114	DOMINGO	2024-06-09 00:00:00+00	10:00:00+00	\N	f
115	MIÉRCOLES	2024-06-05 00:00:00+00	18:30:00+00	\N	f
116	MIÉRCOLES	2024-06-12 00:00:00+00	18:30:00+00	\N	f
117	DOMINGO	2024-06-16 00:00:00+00	10:00:00+00	\N	f
118	DOMINGO	2024-06-23 00:00:00+00	10:00:00+00	\N	f
119	MIÉRCOLES	2024-06-26 00:00:00+00	18:30:00+00	\N	f
120	DOMINGO	2024-07-02 00:00:00+00	10:00:00+00	\N	f
121	DOMINGO	2024-07-07 00:00:00+00	10:00:00+00	\N	f
122	MIÉRCOLES	2024-07-10 00:00:00+00	18:30:00+00	\N	f
123	DOMINGO	2024-07-14 00:00:00+00	10:00:00+00	\N	f
124	MIÉRCOLES	2024-07-17 00:00:00+00	18:30:00+00	\N	f
126	VIERNES	2024-07-05 00:00:00+00	20:30:00+00	\N	f
125	DOMINGO	2024-07-21 00:00:00+00	10:00:00+00	\N	f
128	DOMINGO	2024-07-28 16:30:00+00	10:30:00+00		f
130	MIÉRCOLES	2024-08-01 00:30:00+00	18:30:00+00		f
131	DOMINGO	2024-08-04 16:00:00+00	10:00:00+00		f
133	MIÉRCOLES	2024-08-15 00:30:00+00	18:30:00+00		f
132	MIÉRCOLES	2024-08-08 00:30:00+00	18:30:00+00		f
134	MIÉRCOLES	2024-08-22 00:30:00+00	18:30:00+00		f
135	DOMINGO	2024-08-25 16:00:00+00	10:00:00+00		f
136	MIÉRCOLES	2024-08-29 00:30:00+00	18:30:00+00		f
137	DOMINGO	2024-08-18 16:00:00+00	10:00:00+00		f
138	DOMINGO	2024-09-01 16:00:00+00	10:00:00+00		f
140	DOMINGO	2024-09-08 16:00:00+00	10:00:00+00		f
141	MIÉRCOLES	2024-09-12 00:30:00+00	18:30:00+00		f
142	DOMINGO	2024-09-15 16:00:00+00	10:00:00+00		f
144	MIÉRCOLES	2024-09-19 00:30:00+00	18:30:00+00		f
143	DOMINGO	2024-09-22 16:00:00+00	10:00:00+00		f
145	MIÉRCOLES	2024-09-26 00:30:00+00	18:30:00+00		f
146	DOMINGO	2024-09-29 16:00:00+00	10:00:00+00		f
147	DOMINGO	2024-10-06 16:00:00+00	10:00:00+00		f
149	DOMINGO	2024-10-13 16:00:00+00	10:00:00+00		f
139	MIÉRCOLES	2024-10-03 00:30:00+00	18:30:00+00		f
148	MIÉRCOLES	2024-10-10 00:30:00+00	18:30:00+00		f
150	MIÉRCOLES	2024-10-17 00:30:00+00	18:30:00+00		f
151	DOMINGO	2024-10-20 16:00:00+00	10:00:00+00		t
\.


--
-- Data for Name: songs; Type: TABLE DATA; Schema: public; Owner: cristian
--

COPY public.songs (id, title, artist, album, release_date, genre, duration, "desc", play_count, visible, created_at, updated_at, last_time_played) FROM stdin;
1	AL MUNDO PAZ, SE OYE UN SON Y GLORIA.	\N	\N	\N	0	\N	\N	1	t	2023-12-24 06:00:00+00	2024-07-21 03:15:00.005988+00	2023-12-24 06:00:00+00
3	EL NIÑO DEL TAMBOR	\N	\N	\N	0	\N	\N	1	t	2023-12-24 06:00:00+00	2024-07-21 03:15:00.005988+00	2023-12-24 06:00:00+00
4	HA NACIDO	\N	\N	\N	0	\N	\N	1	t	2023-12-24 06:00:00+00	2024-07-21 03:15:00.005988+00	2023-12-24 06:00:00+00
5	SANTA LA NOCHE	\N	\N	\N	1	\N	\N	1	t	2023-12-24 06:00:00+00	2024-07-21 03:15:00.005988+00	2023-12-24 06:00:00+00
6	A TI ME RINDO	HILLSONG	\N	\N	1	\N	\N	1	t	2023-07-02 06:00:00+00	2024-07-21 03:15:00.005988+00	2023-07-02 06:00:00+00
13	ANGUS DEI	MARCO BARRIENTOS	\N	\N	1	\N	\N	9	t	2023-08-30 06:00:00+00	2024-07-21 03:15:00.005988+00	2024-05-15 06:00:00+00
14	ANTE TU ALTAR	AVERLY MORRILLO	\N	\N	1	\N	\N	7	t	2023-04-16 06:00:00+00	2024-07-21 03:15:00.005988+00	2024-07-17 06:00:00+00
20	BUEN PADRE	CHRIS TOMLIN	\N	\N	1	\N	\N	3	t	2023-06-11 06:00:00+00	2024-07-21 03:15:00.005988+00	2024-06-16 06:00:00+00
23	CASA DE DIOS	DANILO MONTERO	\N	\N	0	\N	\N	1	t	2024-02-07 06:00:00+00	2024-07-21 03:15:00.005988+00	2024-02-07 06:00:00+00
26	CIELO Y LA TIERRA	JULIO MELGAR	\N	\N	0	\N	\N	1	t	2024-05-19 06:00:00+00	2024-07-21 03:15:00.005988+00	2024-05-19 06:00:00+00
27	COMO EN EL CIELO	MIEL SAN MARCOS	\N	\N	0	\N	\N	1	t	2023-06-11 06:00:00+00	2024-07-21 03:15:00.005988+00	2023-06-11 06:00:00+00
28	CON HUMILDAD	COALO ZAMORANO	\N	\N	0	\N	\N	3	t	2023-07-26 06:00:00+00	2024-07-21 03:15:00.005988+00	2024-05-29 06:00:00+00
31	CRISTO YO TE AMO	EN ESPÍRITU Y EN VERDAD	\N	\N	1	\N	\N	2	t	2023-08-23 06:00:00+00	2024-07-21 03:15:00.005988+00	2024-02-14 06:00:00+00
34	DANZANDO CON DIOS	GENERACIÓN 12	\N	\N	0	\N	\N	1	t	2023-11-05 06:00:00+00	2024-07-21 03:15:00.005988+00	2023-11-05 06:00:00+00
39	DIGNO	MARCOS BRUNET	\N	\N	1	\N	\N	7	t	2023-09-20 06:00:00+00	2024-07-21 03:15:00.005988+00	2024-07-05 06:00:00+00
42	DIGO SI	COALO ZAMORANO	\N	\N	0	\N	\N	1	t	2023-08-13 06:00:00+00	2024-07-21 03:15:00.005988+00	2023-08-13 06:00:00+00
41	DIGNO ES ÉL	DANILO MONTERO	\N	\N	1	\N	\N	1	t	2023-05-31 06:00:00+00	2024-07-21 03:15:00.005988+00	2023-05-31 06:00:00+00
44	DIOS INCOMPARABLE	GENERACIÓN 12	\N	\N	1	\N	\N	10	t	2023-05-28 06:00:00+00	2024-07-21 03:15:00.005988+00	2024-04-12 06:00:00+00
45	DONDE TÚ ESTÁS	COALO ZAMORANO	\N	\N	1	\N	\N	9	t	2023-07-19 06:00:00+00	2024-07-21 03:15:00.005988+00	2024-07-02 06:00:00+00
47	EL CIELO Y LA TIERRA	JULIO MELGAR	\N	\N	0	\N	\N	5	t	2023-05-14 06:00:00+00	2024-07-21 03:15:00.005988+00	2024-06-23 06:00:00+00
48	ÉL ES EL REY	DANILO MONTERO	\N	\N	0	\N	\N	2	t	2023-07-05 06:00:00+00	2024-07-21 03:15:00.005988+00	2023-11-01 06:00:00+00
36	DE TAL MANERA ME AMO	ABEL ZAVALA	\N	\N	1	\N	\N	1	t	2023-10-22 06:00:00+00	2024-07-21 03:15:00.005988+00	2023-10-22 06:00:00+00
51	EN LA CASA DE DIOS	DANILO MONTERO	\N	\N	0	\N	\N	1	t	2024-03-17 06:00:00+00	2024-07-21 03:15:00.005988+00	2024-03-17 06:00:00+00
52	EN MEMORIA DE TI	UN CORAZÓN	\N	\N	1	\N	\N	2	t	2024-03-31 06:00:00+00	2024-07-21 03:15:00.005988+00	2024-04-07 06:00:00+00
54	ENAMÓRAME	JESÚS ADRIÁN ROMERO	\N	\N	1	\N	\N	2	t	2024-03-06 06:00:00+00	2024-07-21 03:15:00.005988+00	2024-06-09 06:00:00+00
55	ERES MI PLENITUD	MARCOS BRUNET	\N	\N	1	\N	\N	7	t	2023-06-04 06:00:00+00	2024-07-21 03:15:00.005988+00	2024-07-05 06:00:00+00
58	ESCUCHARTE HABLAR	MARCOS WITT	\N	\N	1	\N	\N	2	t	2024-02-04 06:00:00+00	2024-07-21 03:15:00.005988+00	2024-03-03 06:00:00+00
60	ESPÍRITU Y VERDAD	MARCO BARRIENTOS	\N	\N	0	\N	\N	5	t	2023-08-20 06:00:00+00	2024-07-21 03:15:00.005988+00	2023-10-29 06:00:00+00
61	ESTE ES MI DESEO	CLAUDIO FREIDZON	\N	\N	1	\N	\N	3	t	2023-09-06 06:00:00+00	2024-07-21 03:15:00.005988+00	2023-09-17 06:00:00+00
62	GLORIOSO	JB PUTMAN	\N	\N	0	\N	\N	3	t	2023-09-10 06:00:00+00	2024-07-21 03:15:00.005988+00	2023-10-04 06:00:00+00
67	GRANDES SON	JAIME MURRELL	\N	\N	0	\N	\N	3	t	2023-07-19 06:00:00+00	2024-07-21 03:15:00.005988+00	2024-03-13 06:00:00+00
68	HACEDORES DE HISTORIA	CLAUDIO FREIDZON	\N	\N	0	\N	\N	2	t	2023-06-25 06:00:00+00	2024-07-21 03:15:00.005988+00	2024-02-18 06:00:00+00
69	HAY LIBERTAD	ART. AGUILERA	\N	\N	0	\N	\N	5	t	2023-05-07 06:00:00+00	2024-07-21 03:15:00.005988+00	2024-07-10 06:00:00+00
71	HOSSANA	MARCO BARRIENTOS	\N	\N	0	\N	\N	5	t	2023-07-02 06:00:00+00	2024-07-21 03:15:00.005988+00	2024-04-10 06:00:00+00
73	JESÚS EN EL CENTRO	ISRAEL HOUGHTON	\N	\N	1	\N	\N	8	t	2023-05-14 06:00:00+00	2024-07-21 03:15:00.005988+00	2024-07-14 06:00:00+00
74	JESÚS MI FIEL AMIGO	JESÚS ADRIAN ROMERO DIRIGE: TIMOTHY	\N	\N	1	\N	\N	1	t	2024-01-24 06:00:00+00	2024-07-21 03:15:00.005988+00	2024-01-24 06:00:00+00
72	JESUCRISTO BASTA	UN CORAZÓN	\N	\N	1	\N	\N	12	t	2023-04-16 06:00:00+00	2024-09-03 13:21:35.704089+00	2024-08-29 01:09:22.698306+00
10	ALELUYA	MARCO BARRIENTOS	\N	\N	1	\N	\N	2	t	2023-06-25 06:00:00+00	2024-08-15 02:23:01.001447+00	2024-08-08 00:30:00+00
30	CRISTO PUEDE MOVER MONTES	HILLSONG	\N	\N	1	\N	\N	4	t	2023-09-06 06:00:00+00	2024-08-07 00:45:04.928983+00	2024-08-04 16:00:00+00
21	CAMBIARÉ LA TRISTEZA	VERTICAL	\N	\N	0	\N	\N	8	t	2023-06-14 06:00:00+00	2024-10-17 22:59:12.7524+00	2024-10-17 00:30:00+00
50	EL TIEMPO DE CANTAR	GERRY MARQUEZ	\N	\N	0	\N	\N	5	t	2023-07-12 06:00:00+00	2024-08-15 02:22:54.439157+00	2024-08-15 00:30:00+00
70	HERMOSO ERES	MARCOS WITT	\N	\N	1	\N	\N	5	t	2023-04-09 06:00:00+00	2024-09-15 18:15:20.17426+00	2024-09-15 16:00:00+00
75	JESÚS TU ERES	DANILO MONTERO	\N	\N	0	\N	\N	5	t	2023-07-26 06:00:00+00	2024-08-15 02:22:54.439157+00	2024-08-15 00:30:00+00
66	GRANDE Y FUERTE	MIEL SAN MARCOS	\N	\N	0	\N	\N	6	t	2023-06-14 06:00:00+00	2024-10-16 23:54:44.293817+00	2024-10-03 00:30:00+00
29	CREO EN TI	JULIO MELGAR	\N	\N	1	\N	\N	12	t	2023-07-30 06:00:00+00	2024-08-15 02:23:01.001447+00	2024-08-08 00:30:00+00
33	CUERDAS DE AMOR	JULIO MELGAR	\N	\N	1	\N	\N	5	t	2023-08-13 06:00:00+00	2024-08-29 01:12:15.826955+00	2024-08-29 00:30:00+00
9	AL QUE ESTÁ SENTADO	MARCOS BRUNET	\N	\N	1	\N	\N	6	t	2023-05-07 06:00:00+00	2024-09-03 13:31:57.009375+00	2024-09-01 16:00:00+00
2	CADENA DE CORITOS	\N	\N	\N	0	\N	\N	2	t	2023-09-17 06:00:00+00	2024-09-03 13:25:11.899753+00	2024-08-18 16:00:00+00
65	GRANDE ERES DIOS	ALFA	\N	\N	1	\N	\N	12	t	2023-07-09 06:00:00+00	2024-09-26 02:58:28.975022+00	2024-09-26 00:30:00+00
24	CELEBRAR	JUAN CARLOS ALVARADO	\N	\N	0	\N	\N	6	t	2023-04-09 06:00:00+00	2024-09-26 02:58:28.975022+00	2024-09-26 00:30:00+00
57	ERES TÚ	DANILO MONTERO	\N	\N	0	\N	\N	2	t	2023-07-16 06:00:00+00	2024-09-03 13:31:57.009375+00	2024-09-01 16:00:00+00
11	AMIGO DE DIOS	COALO ZAMORANO	\N	\N	0	\N	\N	12	t	2023-05-28 06:00:00+00	2024-09-10 00:13:18.364886+00	2024-09-08 16:00:00+00
12	AMOR SIN CONDICIÓN	TWICE MUSIC	\N	\N	1	\N	\N	12	t	2023-04-23 06:00:00+00	2024-09-10 00:13:18.364886+00	2024-09-08 16:00:00+00
53	EN TU LUZ	EN ESPÍRITU Y EN VERDAD	\N	\N	0	\N	\N	8	t	2023-04-16 06:00:00+00	2024-09-12 02:01:28.480125+00	2024-09-12 00:30:00+00
56	ERES MI RESPIRAR	HILLSONG	\N	\N	1	\N	\N	3	t	2023-11-29 06:00:00+00	2024-10-17 22:59:12.7524+00	2024-10-17 00:30:00+00
46	EL CIELO GOBIERNA	DAVID SCARPETA	\N	\N	0	\N	\N	1	t	2024-07-19 22:26:06.040911+00	2024-09-29 16:57:39.63591+00	2024-09-29 16:00:00+00
49	EL QUE LAVO MIS PIES	DANILO MONTERO	\N	\N	1	\N	\N	5	t	2023-08-02 06:00:00+00	2024-09-19 02:06:46.807319+00	2024-09-19 00:30:00+00
38	DESDE MI INTERIOR	HILLSONG	\N	\N	1	\N	\N	7	t	2023-05-21 06:00:00+00	2024-09-19 02:06:46.807319+00	2024-09-19 00:30:00+00
7	ABRE MIS OJOS	DANILO MONTERO	\N	\N	1	\N	\N	6	t	2023-09-08 06:00:00+00	2024-09-25 23:41:59.949051+00	2024-09-22 16:00:00+00
8	ADMIRABLE	JULIO MELGAR	\N	\N	1	\N	\N	8	t	2023-05-28 06:00:00+00	2024-09-25 23:41:59.949051+00	2024-09-22 16:00:00+00
17	ATRAE MI CORAZÓN	MARCOS BRUNET	\N	\N	1	\N	\N	5	t	2023-07-02 06:00:00+00	2024-10-06 17:26:40.668306+00	2024-10-06 16:00:00+00
18	BENDITO JESÚS	DANILO MONTERO	\N	\N	0	\N	\N	3	t	2024-01-21 06:00:00+00	2024-10-06 17:26:40.668306+00	2024-10-06 16:00:00+00
15	AQUÍ ESTOY	HILLSONG	\N	\N	1	\N	\N	3	t	2023-06-14 06:00:00+00	2024-10-16 23:54:37.081565+00	2024-10-13 16:00:00+00
43	DIOS DE LO IMPOSIBLE	MARCO BARRIENTOS	\N	\N	1	\N	\N	7	t	2023-06-07 06:00:00+00	2024-10-16 23:54:48.180572+00	2024-10-10 00:30:00+00
19	BIENVENIDO ESPÍRITU SANTO	MIEL SAN MARCOS	\N	\N	0	\N	\N	6	t	2023-05-31 06:00:00+00	2024-10-16 23:54:37.081565+00	2024-10-13 16:00:00+00
63	GLORIOSO DÍA	KRISTIAN STANFILL	\N	\N	0	\N	\N	13	t	2023-04-23 06:00:00+00	2024-10-16 23:54:37.081565+00	2024-10-13 16:00:00+00
25	CERCA DE TÍ	COALO ZAMORANO	\N	\N	1	\N	\N	3	t	2023-11-26 06:00:00+00	2024-10-16 23:54:37.081565+00	2024-10-13 16:00:00+00
16	ASÍ COMO DAVID DANZABA	EBENEZER	\N	\N	0	\N	\N	4	t	2023-09-08 06:00:00+00	2024-10-16 23:54:48.180572+00	2024-10-10 00:30:00+00
22	CANTARÉ DE TU AMOR	ALFA	\N	\N	0	\N	\N	2	t	2024-01-31 06:00:00+00	2024-10-16 23:54:48.180572+00	2024-10-10 00:30:00+00
78	LA NIÑA DE TUS OJOS	DANIEL CALVETI	\N	\N	1	\N	\N	6	t	2023-08-02 06:00:00+00	2024-07-21 03:15:00.005988+00	2024-05-12 06:00:00+00
83	MANDA LA LLUVIA	MARCOS BARRIENTOS	\N	\N	1	\N	\N	3	t	2023-08-02 06:00:00+00	2024-07-21 03:15:00.005988+00	2023-11-22 06:00:00+00
85	NADA ES IMPOSIBLE	PLANETSHAKER	\N	\N	0	\N	\N	6	t	2023-10-29 06:00:00+00	2024-07-21 03:15:00.005988+00	2024-06-16 06:00:00+00
88	NUESTRO DIOS	DANNY DÍAZ	\N	\N	1	\N	\N	2	t	2023-07-23 06:00:00+00	2024-07-21 03:15:00.005988+00	2024-01-28 06:00:00+00
94	PROEZAS	MIEL SAN MARCOS	\N	\N	1	\N	\N	1	t	2024-06-12 06:00:00+00	2024-07-21 03:15:00.005988+00	2024-06-12 06:00:00+00
102	SERÁ LLENA LA TIERRA (LA COSECHA)	MARCO BARRIENTOS	\N	\N	0	\N	\N	1	t	2023-09-17 06:00:00+00	2024-07-21 03:15:00.005988+00	2023-09-17 06:00:00+00
103	SUBLIME GRACIA	EN ESPÍRITU Y EN VERDAD	\N	\N	1	\N	\N	1	t	2023-11-05 06:00:00+00	2024-07-21 03:15:00.005988+00	2023-11-05 06:00:00+00
105	TE DARÉ LO MEJOR	JESÚS ADRIAN ROMERO	\N	\N	0	\N	\N	1	t	2023-12-20 06:00:00+00	2024-07-21 03:15:00.005988+00	2023-12-20 06:00:00+00
107	TE PERTENEZCO	ABEL ZAVALA	\N	\N	0	\N	\N	7	t	2023-04-16 06:00:00+00	2024-07-21 03:15:00.005988+00	2024-06-02 06:00:00+00
108	TEMPRANO YO TE BUSCARÉ	MARCOS WITT	\N	\N	1	\N	\N	2	t	2023-04-09 06:00:00+00	2024-07-21 03:15:00.005988+00	2024-04-10 06:00:00+00
109	TODO PODEROSO (LA ÚNICA RAZÓN)	ROJO	\N	\N	0	\N	\N	5	t	2023-06-07 06:00:00+00	2024-07-21 03:15:00.005988+00	2024-03-31 06:00:00+00
110	TU ERES MI RESPIRAR	HILLSONG	\N	\N	1	\N	\N	1	t	2023-07-19 06:00:00+00	2024-07-21 03:15:00.005988+00	2023-07-19 06:00:00+00
111	TÚ HARÁS	MARCOS WITT	\N	\N	0	\N	\N	7	t	2023-06-04 06:00:00+00	2024-07-21 03:15:00.005988+00	2024-04-14 06:00:00+00
112	TU PRESENCIA ES EL CIELO	ISRAEL HOUGHTON	\N	\N	1	\N	\N	2	t	2023-05-14 06:00:00+00	2024-07-21 03:15:00.005988+00	2023-12-13 06:00:00+00
113	TUMBAS A JARDINES	ELEVATION WORSHIP	\N	\N	1	\N	\N	5	t	2023-11-05 06:00:00+00	2024-07-21 03:15:00.005988+00	2024-03-24 06:00:00+00
115	VEN	MARCO BARRIENTOS	\N	\N	0	\N	\N	4	t	2023-06-28 06:00:00+00	2024-07-21 03:15:00.005988+00	2024-05-22 06:00:00+00
116	VEN A ESTE LUGAR	DANILO MONTERO	\N	\N	1	\N	\N	3	t	2023-07-12 06:00:00+00	2024-07-21 03:15:00.005988+00	2024-02-18 06:00:00+00
118	VIVIRÉ PARA ALABARTE	JULIO MELGAR	\N	\N	0	\N	\N	4	t	2024-03-13 06:00:00+00	2024-07-21 03:15:00.005988+00	2024-07-14 06:00:00+00
121	YO SE QUIEN SOY YO	ISRAEL HOUGHTON	\N	\N	0	\N	\N	1	t	2024-07-02 06:00:00+00	2024-07-21 03:15:00.005988+00	2024-07-02 06:00:00+00
81	LO HARÁS OTRA VEZ	ELEVATION WORSHIP	\N	\N	1	\N	\N	6	t	2023-07-23 06:00:00+00	2024-07-27 14:02:08.204238+00	2024-07-21 06:00:00+00
87	NOMBRE NO HAY	FREDDY RODRIGUEZ	\N	\N	0	\N	\N	10	t	2023-04-23 06:00:00+00	2024-07-27 14:47:17.875489+00	2024-07-25 00:30:00+00
95	PUEDO IMAGINARME	VERTICAL	\N	\N	1	\N	\N	6	t	2023-06-28 06:00:00+00	2024-07-27 14:47:17.876146+00	2024-07-25 00:30:00+00
119	YA NO SOY ESCLAVO	JULIO MELGAR	\N	\N	1	\N	\N	6	t	2023-06-25 06:00:00+00	2024-09-12 02:01:28.480125+00	2024-09-12 00:30:00+00
32	CUÁN GRANDE ES DIOS	EN ESPÍRITU Y EN VERDAD	\N	\N	1	\N	\N	7	t	2023-11-01 06:00:00+00	2024-08-07 00:42:21.72186+00	2024-07-28 16:30:00+00
40	DIGNO DE GLORIA	GERRY MARQUEZ	\N	\N	0	\N	\N	9	t	2023-09-03 06:00:00+00	2024-08-07 00:42:21.72186+00	2024-07-28 16:30:00+00
91	PERFUME A TUS PIES	EN ESPÍRITU Y EN VERDAD	\N	\N	1	\N	\N	9	t	2023-06-07 06:00:00+00	2024-10-16 23:54:44.293817+00	2024-10-03 00:30:00+00
82	LO ÚNICO QUE QUIERO	MARCELA GÁNDARA	\N	\N	1	\N	\N	10	t	2023-05-07 06:00:00+00	2024-08-07 00:42:21.72186+00	2024-07-28 16:30:00+00
97	REVELACIÓN	DANILO MONTERO	\N	\N	1	\N	\N	12	t	2023-06-21 06:00:00+00	2024-10-16 23:54:44.293817+00	2024-10-03 00:30:00+00
106	TE DOY GLORIA	EN ESPÍRITU Y EN VERDAD	\N	\N	0	\N	\N	13	t	2023-07-19 06:00:00+00	2024-10-16 23:54:44.293817+00	2024-10-03 00:30:00+00
86	NO HAY LUGAR MÁS ALTO	MIEL SAN MARCOS	\N	\N	1	\N	\N	2	t	2024-02-04 06:00:00+00	2024-08-29 01:12:15.826955+00	2024-08-29 00:30:00+00
104	TE ALABARÉ	DANILO MONTERO	\N	\N	0	\N	\N	6	t	2023-12-03 06:00:00+00	2024-08-29 01:12:15.826955+00	2024-08-29 00:30:00+00
96	QUE SE LLENE TU CASA	INGRID ROSARIO	\N	\N	0	\N	\N	3	t	2023-11-05 06:00:00+00	2024-09-03 13:21:36.575376+00	2024-08-29 01:09:22.698306+00
93	PRECIOSA SANGRE	MARCO BARRIENTOS	\N	\N	1	\N	\N	4	t	2023-06-04 06:00:00+00	2024-08-07 00:42:37.393224+00	2024-08-01 00:30:00+00
76	LA BENDICIÓN	ELEVATION WORSHIP	\N	\N	1	\N	\N	6	t	2023-08-23 06:00:00+00	2024-09-03 13:21:39.469491+00	2024-08-22 00:30:00+00
125	SOBRENATURAL	MARCOS WITT	0	2024-09-16 16:54:23.801	0			0	t	2024-09-16 16:54:48.303709+00	2024-09-16 16:54:48.303709+00	\N
124	JESUS EL CENTRO	ISRAEL HOUGHTON	0	2024-09-16 16:49:39.121	1			1	t	2024-09-16 16:50:56.900764+00	2024-09-25 23:41:59.949051+00	2024-09-22 16:00:00+00
79	LEVANTATE	MARCOS WITT	\N	\N	0	\N	\N	3	t	2023-09-08 06:00:00+00	2024-10-16 23:54:48.180572+00	2024-10-10 00:30:00+00
120	YESHUA	MARCOS BRUNET	\N	\N	1	\N	\N	10	t	2023-04-23 06:00:00+00	2024-09-03 13:31:57.009375+00	2024-09-01 16:00:00+00
64	GRACIA SUBLIME	JULIO MELGAR	\N	\N	0	\N	\N	12	t	2023-08-16 06:00:00+00	2024-09-19 02:06:46.807319+00	2024-09-19 00:30:00+00
101	SEÑOR ERES FIEL	COALO ZAMORANO	\N	\N	0	\N	\N	13	t	2023-05-28 06:00:00+00	2024-09-10 00:13:18.364886+00	2024-09-08 16:00:00+00
92	POR SIEMPRE	VINO NUEVO	\N	\N	0	\N	\N	17	t	2023-05-07 06:00:00+00	2024-09-19 02:06:46.807319+00	2024-09-19 00:30:00+00
80	LIBRE	DAVID SCARPETA	\N	\N	0	\N	\N	14	t	2023-06-18 06:00:00+00	2024-09-15 18:15:20.17426+00	2024-09-15 16:00:00+00
77	LA BONDAD DE DIOS	ESSENTIAL WORSHIP	\N	\N	1	\N	\N	4	t	2024-06-02 06:00:00+00	2024-08-29 01:09:22.698306+00	2024-08-25 16:00:00+00
98	REY	CHRISTINE D'CLARIO	\N	\N	0	\N	\N	13	t	2023-05-31 06:00:00+00	2024-08-29 01:09:22.698306+00	2024-08-25 16:00:00+00
122	SI TU PRESENCIA CONMIGO NO VA	OASIS	0	2024-09-10 00:12:34.263	1			2	t	2024-09-10 00:12:55.377341+00	2024-09-15 18:15:20.17426+00	2024-09-15 16:00:00+00
117	VENGO ADORARTE	ALFA	\N	\N	1	\N	\N	5	t	2023-08-06 06:00:00+00	2024-09-26 02:58:28.975022+00	2024-09-26 00:30:00+00
100	SANTO	COALO ZAMORANO	\N	\N	0	\N	\N	17	t	2023-05-14 06:00:00+00	2024-09-26 02:58:28.975022+00	2024-09-26 00:30:00+00
84	MI PLENITUD	MARCOS BRUNET	\N	\N	1	\N	\N	2	t	2023-09-03 06:00:00+00	2024-10-17 22:59:12.7524+00	2024-10-17 00:30:00+00
99	REY DE MAJESTAD	HILLSONG	\N	\N	0	\N	\N	4	t	2023-06-25 06:00:00+00	2024-10-17 22:59:12.7524+00	2024-10-17 00:30:00+00
89	OCEANOS	HILLSONG	\N	\N	1	\N	\N	2	t	2023-10-15 06:00:00+00	2024-09-29 16:57:39.63591+00	2024-09-29 16:00:00+00
90	PADRE NUESTRO	BETHEL MUSIC	\N	\N	1	\N	\N	5	t	2023-06-11 06:00:00+00	2024-09-29 16:57:39.63591+00	2024-09-29 16:00:00+00
114	VAMOS A CANTAR	EN ESPÍRITU Y EN VERDAD	\N	\N	0	\N	\N	7	t	2023-04-09 06:00:00+00	2024-09-29 16:57:39.63591+00	2024-09-29 16:00:00+00
123	ESPIRITU Y VERDAD	MARCO BARRIENTOS	0	2024-09-16 16:39:07.3	0		Resumen  Letras  Escuchar  Resultados principales  ¡Es tiempo! Oh-oh-oh-oh, oh-oh-oh-oh Oh-oh-oh-oh, oh-oh-oh-oh  Es tiempo de Adorar con pasión Es tiempo de Tu justicia fluir  Es tiempo de Adorar con pasión Es tiempo de Tu justicia fluir Fluir, fluir, ¡vamos!  Te exaltamos, Dios En Espíritu y Verdad Tú eres Santo Tú eres digno, ¡vamos!  Es tiempo de Adorar con pasión Es tiempo de Tu justicia fluir Fluir, fluir  Te exaltamos, Dios En Espíritu y verdad Tú eres santo Tú eres digno, ¡oh!  Te exaltamos, Dios En Espíritu y verdad Tú eres santo Tú eres digno, ¡oh!  ¡Es tiempo de levantar la voz Y exaltar al Rey que pide y reina por los siglos!, ¡eh! ¡Vamos todos!  Oh-oh-oh-oh, oh-oh-oh-oh Oh-oh-oh-oh, oh-oh-oh-oh  Te exaltamos, Dios En Espíritu y verdad Tú eres santo Tú eres digno  Te exaltamos, Dios En Espíritu y verdad, ¡vamos! Tú eres santo Tú eres digno, ¡oh!  Te exaltamos, Dios En Espíritu y verdad Tú eres santo Tú eres digno, ¡oh!  Oh-oh-oh-oh, oh-oh-oh-oh Oh-oh-oh-oh, oh-oh-oh-oh	1	t	2024-09-16 16:43:57.444971+00	2024-09-25 23:41:59.949051+00	2024-09-22 16:00:00+00
59	ESPÍRITU SANTO	DANIEL CALVETI	\N	\N	0	\N	\N	6	t	2023-04-09 06:00:00+00	2024-09-26 02:58:28.975022+00	2024-09-26 00:30:00+00
35	DE GLORIA EN GLORIA	MARCO BARRIENTOS	\N	\N	0	\N	\N	12	t	2023-05-21 06:00:00+00	2024-10-06 17:26:40.668306+00	2024-10-06 16:00:00+00
\.


--
-- Data for Name: event_songs; Type: TABLE DATA; Schema: public; Owner: cristian
--

COPY public.event_songs (event_id, song_id, "order", member_id) FROM stdin;
71	47	1	\N
2	24	1	\N
2	59	2	\N
2	114	3	\N
2	70	4	\N
2	108	5	\N
3	53	1	\N
3	107	2	\N
3	72	3	\N
3	14	4	\N
4	63	1	\N
4	87	2	\N
4	12	3	\N
4	120	4	\N
5	92	1	\N
5	69	2	\N
5	82	3	\N
5	9	4	\N
6	100	1	\N
6	47	2	\N
6	73	3	\N
6	112	4	\N
7	100	1	\N
7	35	2	\N
7	72	3	\N
7	38	4	\N
8	11	1	\N
8	101	2	\N
8	44	3	\N
8	8	4	\N
9	19	1	\N
9	98	2	\N
9	70	3	\N
9	41	4	\N
71	111	2	\N
71	55	3	\N
71	120	4	\N
71	93	5	\N
10	98	1	\N
10	109	2	\N
10	43	3	\N
10	91	4	\N
11	24	1	\N
11	59	2	\N
11	27	2	\N
11	20	3	\N
11	90	4	\N
12	66	1	\N
12	21	2	\N
12	15	3	\N
12	43	4	\N
13	80	1	\N
13	63	2	\N
13	20	3	\N
13	14	4	\N
14	109	1	\N
14	80	2	\N
14	97	3	\N
14	72	4	\N
15	68	1	\N
15	99	2	\N
15	10	3	\N
15	119	4	\N
16	115	1	\N
16	98	2	\N
16	95	3	\N
16	9	4	\N
17	111	1	\N
17	71	2	\N
17	6	3	\N
17	17	4	\N
18	92	1	\N
18	48	2	\N
18	91	3	\N
18	82	4	\N
19	107	1	\N
19	47	2	\N
19	65	3	\N
19	12	4	\N
20	50	1	\N
20	100	2	\N
20	116	3	\N
20	8	4	\N
21	107	1	\N
21	57	2	\N
21	65	3	\N
21	12	4	\N
22	106	1	\N
22	67	2	\N
22	110	3	\N
22	45	4	\N
23	53	1	\N
23	88	2	\N
23	73	3	\N
23	81	4	\N
24	28	1	\N
24	75	2	\N
24	82	3	\N
24	91	4	\N
25	80	1	\N
25	35	2	\N
25	29	3	\N
25	72	4	\N
26	111	1	\N
26	100	2	\N
26	45	3	\N
26	78	4	\N
26	49	5	\N
26	83	6	\N
27	71	1	\N
27	69	2	\N
27	117	3	\N
27	12	4	\N
28	111	1	\N
28	100	2	\N
28	45	3	\N
28	78	4	\N
28	49	5	\N
28	83	6	\N
29	42	1	\N
29	100	2	\N
29	38	3	\N
29	33	4	\N
30	106	1	\N
30	64	2	\N
30	91	3	\N
30	8	4	\N
31	98	1	\N
31	60	2	\N
31	116	3	\N
31	119	4	\N
32	60	1	\N
32	64	2	\N
32	31	3	\N
32	76	4	\N
33	80	1	\N
33	60	2	\N
33	63	3	\N
33	14	4	\N
34	101	1	\N
34	11	2	\N
34	13	3	\N
34	97	4	\N
35	35	1	\N
35	40	2	\N
35	95	3	\N
35	84	4	\N
36	107	1	\N
36	62	2	\N
36	29	3	\N
36	81	4	\N
37	106	1	\N
37	50	2	\N
37	30	3	\N
37	61	4	\N
38	19	1	\N
38	98	2	\N
38	72	3	\N
38	45	4	\N
38	11	5	\N
38	101	6	\N
38	80	7	\N
38	16	8	\N
38	79	9	\N
38	13	10	\N
38	87	11	\N
38	7	12	\N
38	55	13	\N
38	120	14	\N
38	91	15	\N
39	11	1	\N
39	101	2	\N
39	13	3	\N
39	61	4	\N
40	102	1	\N
40	80	2	\N
40	2	3	\N
40	61	4	\N
41	92	1	\N
41	106	2	\N
41	43	3	\N
41	39	4	\N
42	92	1	\N
42	87	2	\N
42	17	3	\N
42	33	4	\N
43	66	1	\N
43	21	2	\N
43	44	3	\N
43	45	4	\N
44	60	1	\N
44	62	2	\N
44	29	3	\N
44	72	4	\N
45	62	1	\N
45	35	2	\N
45	97	3	\N
45	91	4	\N
46	40	1	\N
46	107	2	\N
46	117	3	\N
46	14	4	\N
47	75	1	\N
47	100	2	\N
47	39	3	\N
47	9	4	\N
48	19	1	\N
48	35	2	\N
48	89	3	\N
48	120	4	\N
49	87	1	\N
49	64	2	\N
49	82	3	\N
49	44	4	\N
50	92	1	\N
50	63	2	\N
50	36	3	\N
50	76	4	\N
51	24	1	\N
51	59	2	\N
51	16	2	\N
51	13	3	\N
51	91	4	\N
52	60	1	\N
52	85	2	\N
52	82	3	\N
52	90	4	\N
53	100	1	\N
53	48	2	\N
53	7	3	\N
53	32	4	\N
54	96	1	\N
54	34	2	\N
54	103	3	\N
54	113	4	\N
55	115	1	\N
55	67	2	\N
55	97	3	\N
55	17	4	\N
56	7	1	\N
56	71	2	\N
56	15	3	\N
56	113	4	\N
57	101	1	\N
57	11	2	\N
57	117	3	\N
57	44	4	\N
58	92	1	\N
58	100	2	\N
58	72	3	\N
58	45	4	\N
58	64	5	\N
58	63	6	\N
58	80	7	\N
58	16	8	\N
58	79	9	\N
58	13	10	\N
58	87	11	\N
58	65	12	\N
58	55	13	\N
58	120	14	\N
58	113	15	\N
59	75	1	\N
59	40	2	\N
59	32	3	\N
59	29	4	\N
60	111	1	\N
60	100	2	\N
60	45	3	\N
60	78	4	\N
60	49	5	\N
60	83	6	\N
61	80	1	\N
61	92	2	\N
61	65	3	\N
61	25	4	\N
62	53	1	\N
62	35	2	\N
62	56	3	\N
62	119	4	\N
63	111	1	\N
63	104	2	\N
63	73	3	\N
63	93	4	\N
64	21	1	\N
64	104	2	\N
64	13	3	\N
64	38	4	\N
65	75	1	\N
65	40	2	\N
65	32	3	\N
65	29	4	\N
66	101	1	\N
66	100	2	\N
66	112	3	\N
66	43	4	\N
67	87	1	\N
67	106	2	\N
67	82	3	\N
67	65	4	\N
68	105	1	\N
68	63	2	\N
68	44	3	\N
68	120	4	\N
69	3	1	\N
69	1	2	\N
69	4	3	\N
69	5	4	\N
70	40	1	\N
70	104	2	\N
70	97	3	\N
70	44	4	\N
72	63	1	\N
72	106	2	\N
72	13	3	\N
72	81	4	\N
73	96	1	\N
73	100	2	\N
73	93	3	\N
73	55	4	\N
74	87	1	\N
74	11	2	\N
74	73	3	\N
74	65	4	\N
75	19	1	\N
75	85	2	\N
75	12	3	\N
75	76	4	\N
76	53	1	\N
76	92	2	\N
76	7	3	\N
76	17	4	\N
77	18	1	\N
77	63	2	\N
77	119	3	\N
77	14	4	\N
78	98	1	\N
78	104	2	\N
78	74	3	\N
78	8	4	\N
79	88	1	\N
79	47	2	\N
79	39	3	\N
79	90	4	\N
80	109	1	\N
80	106	2	\N
80	117	3	\N
80	22	4	\N
81	66	1	\N
81	35	2	\N
81	86	3	\N
81	58	4	\N
81	78	5	\N
82	23	1	\N
82	92	2	\N
82	97	3	\N
82	43	4	\N
83	92	1	\N
83	63	2	\N
83	44	3	\N
83	72	4	\N
84	71	1	\N
84	35	2	\N
84	31	3	\N
84	9	4	\N
85	18	1	\N
85	68	2	\N
85	116	3	\N
85	113	4	\N
86	104	1	\N
86	109	2	\N
86	44	3	\N
86	39	4	\N
87	53	1	\N
87	35	2	\N
87	78	3	\N
87	8	4	\N
88	114	1	\N
88	38	3	\N
88	30	4	\N
89	98	1	\N
89	106	2	\N
89	97	3	\N
89	58	4	\N
89	49	5	\N
90	85	1	\N
90	87	2	\N
90	54	3	\N
90	120	4	\N
91	64	1	\N
91	40	2	\N
91	12	3	\N
91	82	4	\N
92	118	1	\N
92	67	2	\N
92	95	3	\N
92	55	4	\N
93	106	1	\N
93	51	2	\N
93	97	3	\N
93	44	4	\N
94	96	1	\N
94	64	2	\N
94	7	3	\N
94	119	4	\N
95	69	1	\N
95	107	2	\N
95	113	3	\N
95	65	4	\N
96	66	1	\N
96	100	2	\N
96	13	3	\N
96	29	4	\N
97	98	1	\N
97	109	2	\N
97	8	3	\N
97	52	4	\N
98	70	1	\N
98	118	2	\N
98	21	3	\N
98	95	4	\N
99	50	1	\N
99	99	2	\N
99	52	3	\N
99	73	4	\N
100	24	1	\N
100	59	2	\N
100	71	3	\N
100	108	4	\N
100	70	5	\N
100	38	6	\N
101	98	1	\N
101	106	2	\N
101	44	3	\N
101	8	4	\N
101	11	5	\N
101	101	6	\N
101	80	7	\N
101	29	8	\N
101	65	9	\N
102	63	1	\N
102	111	2	\N
102	45	3	\N
102	12	4	\N
103	114	1	\N
103	85	2	\N
103	32	3	\N
103	91	4	\N
104	64	1	\N
104	40	2	\N
104	12	3	\N
104	82	4	\N
105	115	1	\N
105	28	2	\N
105	73	3	\N
105	72	4	\N
106	11	1	\N
106	101	2	\N
106	29	3	\N
106	55	4	\N
106	120	5	\N
107	98	1	\N
107	40	2	\N
107	39	3	\N
107	9	4	\N
107	78	5	\N
108	63	1	\N
108	85	2	\N
108	13	3	\N
108	76	4	\N
109	19	1	\N
109	26	2	\N
109	95	3	\N
109	81	4	\N
110	115	1	\N
110	64	2	\N
110	97	3	\N
110	33	4	\N
111	35	1	\N
111	114	2	\N
111	32	3	\N
111	65	4	\N
112	28	1	\N
112	21	2	\N
112	33	3	\N
112	29	4	\N
113	107	1	\N
113	80	2	\N
113	77	3	\N
113	14	4	\N
115	114	1	\N
115	53	2	\N
115	77	3	\N
115	120	4	\N
114	101	1	\N
114	87	2	\N
114	54	3	\N
114	73	4	\N
116	100	1	\N
116	118	2	\N
116	30	3	\N
116	94	4	\N
117	98	1	\N
117	85	2	\N
117	20	3	\N
117	90	4	\N
118	47	1	\N
118	92	2	\N
118	38	3	\N
118	82	4	\N
119	35	1	\N
119	80	2	\N
119	32	3	\N
119	39	4	\N
120	69	1	\N
120	121	2	\N
120	45	3	\N
120	65	4	\N
126	63	1	\N
126	92	2	\N
126	80	3	\N
126	55	4	\N
126	39	5	\N
121	101	1	\N
121	11	2	\N
121	72	3	\N
121	12	4	\N
122	69	1	\N
122	21	2	\N
122	97	3	\N
122	65	4	\N
123	118	1	\N
123	64	2	\N
123	29	3	\N
123	73	4	\N
124	53	1	\N
124	50	2	\N
124	72	3	\N
124	14	4	\N
125	101	1	\N
125	11	2	\N
125	12	3	\N
125	81	4	\N
127	87	1	\N
127	106	2	\N
127	95	3	\N
127	43	4	\N
128	64	1	\N
128	40	2	\N
128	82	3	\N
128	32	4	\N
130	64	1	\N
130	100	2	\N
130	93	3	\N
130	92	4	\N
131	80	1	\N
131	114	2	\N
131	29	3	\N
131	30	4	\N
132	10	3	\N
132	66	1	\N
132	100	2	\N
132	29	4	\N
133	50	1	\N
133	75	2	\N
133	72	3	\N
133	97	4	\N
134	98	1	\N
134	92	2	\N
134	76	3	\N
134	77	4	\N
135	98	1	\N
135	77	4	\N
136	21	1	\N
136	104	2	\N
136	86	3	\N
136	33	4	\N
135	96	2	\N
135	72	3	\N
137	2	1	\N
137	24	2	\N
137	59	3	\N
138	99	1	\N
138	57	2	\N
138	120	3	\N
138	9	4	\N
140	101	1	\N
140	11	2	\N
140	12	3	\N
141	53	1	\N
141	106	2	\N
141	56	3	\N
141	119	4	\N
142	92	1	\N
142	80	2	\N
142	122	3	\N
142	70	4	\N
151	111	1	6
151	72	3	3
151	71	2	6
144	49	4	\N
144	92	1	\N
144	64	2	\N
144	38	3	\N
151	119	4	6
143	123	1	\N
143	7	2	\N
143	8	3	\N
143	124	4	\N
145	24	1	\N
145	59	2	\N
145	100	3	\N
145	117	4	\N
145	65	5	\N
146	46	2	\N
146	114	1	\N
146	89	3	\N
146	90	4	\N
139	106	1	\N
139	66	2	\N
139	97	3	\N
139	91	4	\N
147	18	1	\N
147	35	2	\N
147	25	3	\N
147	17	4	\N
149	19	1	\N
149	63	2	\N
149	15	3	\N
149	25	4	\N
148	79	2	\N
148	16	1	\N
148	22	3	\N
148	43	4	\N
150	99	1	6
150	21	2	6
150	56	3	6
150	84	4	6
\.


--
-- Name: band_members_id_seq; Type: SEQUENCE SET; Schema: public; Owner: cristian
--

SELECT pg_catalog.setval('public.band_members_id_seq', 6, true);


--
-- Name: band_roles_id_seq; Type: SEQUENCE SET; Schema: public; Owner: cristian
--

SELECT pg_catalog.setval('public.band_roles_id_seq', 6, true);


--
-- Name: events_id_seq; Type: SEQUENCE SET; Schema: public; Owner: cristian
--

SELECT pg_catalog.setval('public.events_id_seq', 151, true);


--
-- Name: songs_id_seq; Type: SEQUENCE SET; Schema: public; Owner: cristian
--

SELECT pg_catalog.setval('public.songs_id_seq', 125, true);


--
-- PostgreSQL database dump complete
--

